objectPath,objectName,objectType,id
/Explore/IDMC_TRAINING,Mapping2,DTEMPLATE,gxgsKsVfR8NjZmoRAz01Kv
/Explore/IDMC_TRAINING,MS4Q1TASK,MTT,3W4wQz4lOEfhp6IuHfO0kX
/Explore/IDMC_TRAINING,Mock1q4,DTEMPLATE,5EvFHnd1liYcjufmJLTcW0
/Explore/IDMC_TRAINING,Taskflow_linear_order_processing,TASKFLOW,hSUZWHSsrYRlBVFDFFGgo8
/Explore/IDMC_TRAINING,Mapping4,DTEMPLATE,4NX3fDcjvpBlpHjjP3WJ2S
/Explore/IDMC_TRAINING,task_load_bulk_orders,MTT,4js2cMhTkeRkdKuM7xNxiS
/Explore/IDMC_TRAINING,mock2q4,DTEMPLATE,7C530SkZWimg57FQNvqs0a
/SYS,redbus_conn,Connection,7UgLcrxK81cfr4zsiY9jeP
/Explore/IDMC_TRAINING,M_EMPLOYEES_COMPLETE_PARAMETERIZE,DTEMPLATE,hJ0BRA86sURfNCXA5l8bmu
/Explore/IDMC_TRAINING,MT_HANDSON1,MTT,0M6uFcGMyVpjmplZ7YevWK
/Explore/IDMC_TRAINING,MS4Q1,DTEMPLATE,0HE22Y9sYgchfblf4MilaV
/Explore/IDMC_TRAINING,MOCK2Q2,DTEMPLATE,5vGcIFlMfZbfkH4yYd0aMH
/Explore/IDMC_TRAINING,M_EMPLOYEES_SCD2V,DTEMPLATE,9EoXEuBwzcdlNIF6cH0dGE
/Explore/IDMC_TRAINING,MYMOCKQ4TASK1,MTT,gcwvyrEwKYViFAxOxOFbkq
/Explore/IDMC_TRAINING,m_load_product_inventory,DTEMPLATE,fKnjIFC9RGSiQ8tJyoJJWm
/Explore,IDMC_TRAINING,Project,4eCawRc9uE9dhPzHkxG1Wb
/Explore/IDMC_TRAINING,Taskflow2,TASKFLOW,0cpP81Bz0gij6YPAwdI34Y
/Explore/IDMC_TRAINING,m_sales_category_router,DTEMPLATE,4og6pq3oNq7libP05uwVK5
/Explore/IDMC_TRAINING,Taskflow3,TASKFLOW,45oQYQ2pYH6lgXEOahjpq5
/Explore/IDMC_TRAINING,M_MS_ORDERS,DTEMPLATE,iJN8a7ixXezhM7v7suCygV
/Explore/IDMC_TRAINING,SCD1,DTEMPLATE,a8YOxkegBEHdVQOF75mrGR
/Explore/IDMC_TRAINING,MY_MS4_TASK_EMPLOYEE,MTT,btho44Hf8isbLVG9M53psh
/SYS,DESKTOP-0FU31RQ,AgentGroup,3NjC03LmWW4h5qqWkxeSKb
/Explore/IDMC_TRAINING,mock1q4map2,DTEMPLATE,5rhgFi7uXSDcveawly37mf
/Explore/IDMC_TRAINING,M_FACT_BOOKINGS,DTEMPLATE,dwZBaInP5oFddDZAvFwtSy
/Explore/IDMC_TRAINING,Mapping5,DTEMPLATE,4S8fbbTZRhmeq4IU3kMKq8
/Explore/IDMC_TRAINING,TASKFLOW_WITH_DECESSION PROPERTIES,TASKFLOW,dCXIdlDav8qjznmz2QFtYP
/Explore/IDMC_TRAINING,M_EXPRESSION_PARAMETER,DTEMPLATE,2EaRSaPaoz4fjF5O7wiM2f
/Explore/IDMC_TRAINING,m_dispatch_ready_orders,DTEMPLATE,6HTNFmhY2GIhtAVQEN22kb
/Explore/IDMC_TRAINING,M_ROUTE_DIM,DTEMPLATE,7DyPw4fMFf8fgtG8kdP9Kn
/Explore/IDMC_TRAINING,m_dim_route_load,DTEMPLATE,1FcoEIkwCkpezjUbsileY0
/Explore/IDMC_TRAINING,weeklycod3q2,DTEMPLATE,h160SJSVM67eLEvItqSLim
/Explore/IDMC_TRAINING,MS4Q2,DTEMPLATE,20D1OuSJvEhi6E8ysVnbUP
/Explore/IDMC_TRAINING,M_CUSTOMERS_REDBUS,DTEMPLATE,jf1jstYM961iMYd1gdbiIL
/Explore/IDMC_TRAINING,MYTMOCK1Q4TASKFLOW2,MTT,l1uVLVOwVW5iceygNvr5ei
/Explore/IDMC_TRAINING,M_PORDUCT_EXPRESSION_MACRO,DTEMPLATE,6FWzYvJ7AA8eilaMRbUkGl
/SYS,snow_cn,Connection,7OC7DQUaaUTjyX7l7LdXSB
/Explore/IDMC_TRAINING,SYNC_EMPLOYEE_LOAD,DSS,8FqfAxJYZqvjllv2iqH8oh
/Explore/IDMC_TRAINING,Mock1q2,DTEMPLATE,1oqGEIoG1HnkK4RZRepAMj
/Explore/IDMC_TRAINING,MOCK1MS4,DTEMPLATE,gWQa8bETWq5i2qPMgu3wM9
/Explore/IDMC_TRAINING,Taskflow1,TASKFLOW,9ZS2mI4gNTukENeBrRyxM5
/Explore/IDMC_TRAINING,ORDER_INFO,AI_SERVICE_CONNECTOR,7R4mQek33KXcrppm8H16k8
/Explore/IDMC_TRAINING,m_student_top_bottom_normalizer,DTEMPLATE,6YtWyLBi5eIcRR1RrR31Sv
/Explore/IDMC_TRAINING,weekly4cod1,DTEMPLATE,3NSEBagQlmXbhaAe9tNN8o
/Explore/IDMC_TRAINING,MT_EMPLOYEES_PARA,MTT,24pGw5seF7CjWyLZwol2ik
/Explore/IDMC_TRAINING,task_dispatch_ready_orders,MTT,9yFCX56Kc5odNFfbz7f60P
/Explore/IDMC_TRAINING,MT_EMPLOYEES_SCD2V,MTT,iVVJSOHrVQTgKhndu9a2Qq
/Explore/IDMC_TRAINING,MY_TASKFLOW_MS4,TASKFLOW,04LgUdZ62xHd0tGMDhrOka
/Explore/IDMC_TRAINING,LINEAR_TASKFLOW_MOCK1,TASKFLOW,3ifPjuMPfWIcSG6OlSFTAY
/Explore/IDMC_TRAINING,weeklycod2ques,DTEMPLATE,cIhNwi1SgqAhzB5J5tjWib
/Explore/IDMC_TRAINING,MT_EMPLOYEES_COMPLETE_PARAMETERIZE,MTT,0DLDn1JpQkIfbKHQYLQFUp
/Explore/IDMC_TRAINING,MYMOCK1Q2TASK,MTT,7eJ1MtIr0o0j4QHa4a1Cs1
/Explore/IDMC_TRAINING,mock2q3,DTEMPLATE,gxC6AGrO78YgH13joYaeSp
/Explore/IDMC_TRAINING,m_load_bulk_orders,DTEMPLATE,1ujzFc9qrR4bZjGwWJIKw6
/Explore/IDMC_TRAINING,MY_MS4_TASK_ORDERS,MTT,3UvWqTnFxrQfjPg0RfHbQF
/Explore/IDMC_TRAINING,MappingTask1,MTT,2biX6M2vGUdhpvSN7ssMoN
/Explore/IDMC_TRAINING,Mapping3,DTEMPLATE,8fS1h14s6GBjbXqxgQkDKv
/Explore/IDMC_TRAINING,WEE3COD_WITHCHECKLOOKUP,DTEMPLATE,7Q0OTEs4EI0lyud9YE7JGJ
/Explore/IDMC_TRAINING,HelloWorld,PROCESS,4qefCuXayBhhqZxcVFtmWu
/Explore/IDMC_TRAINING,Taskflow4,TASKFLOW,9GS922j1XwJhk7t0HqoZqY
/Explore/IDMC_TRAINING,m_dim_date_load,DTEMPLATE,2g00vz25DNklfMnAW9wwGR
/SYS,FLATFILE_CON,Connection,fJYlv4dPuGJgKjHxtJY6sg
/Explore/IDMC_TRAINING,Mapping1,DTEMPLATE,4E2wfW45uH4kHEuJV1vQ6e
/Explore/IDMC_TRAINING,M_handson_!,DTEMPLATE,4QH0CauwE2VjhYns8sycSE
/SYS,ama_cn,Connection,1vlshzdkRfHcj0TRY5Il6v
/Explore/IDMC_TRAINING,MOCK1Q3,DTEMPLATE,8cwVzFHQa4AjH0aZAreWiV
/Explore/IDMC_TRAINING,M_DATE_DIM,DTEMPLATE,1Dzu8NtQtUOk4InjtmpUOK
/Explore/IDMC_TRAINING,MYMOCKQ4MAP1,DTEMPLATE,7v51r91ddhdiByEjRVtbYa
/Explore/IDMC_TRAINING,m_dim_customer_scd2,DTEMPLATE,3vDqqYBM8ESbQXfvPPADcA
/Explore/IDMC_TRAINING,Process_CDI_MAPPING_TASK_INVOKE,PROCESS,1I340TemyfSlovvVgDdFCV
/Explore/IDMC_TRAINING,M_employees_upsert,DTEMPLATE,6ot21oUDrOdg3n36HQTfe7
/Explore/IDMC_TRAINING,MT_PRODUCTS_SCD2,MTT,f62RK4ZeoirivHG0IXAR8z
/SYS,ORCL_CN,Connection,7tACDJewDlVfo6pe1XSbe3
/Explore/IDMC_TRAINING,M_PRODUCTS_SCD2V,DTEMPLATE,20mCqpAmrSsceR3oQCCncW
/Explore/IDMC_TRAINING,MS4Q3,DTEMPLATE,8v1rTkmLpm5kXdOzfYQaaJ
/Explore/IDMC_TRAINING,MOCK2Q1,DTEMPLATE,9BhzVmmFVEtbnQdOMLlNwj
/Explore/IDMC_TRAINING,M_MS_EMPLOYEE_ORDERS,DTEMPLATE,8DjMRjlBcM0fPbm9CogPKi
/Explore/IDMC_TRAINING,Ms4q4,DTEMPLATE,7IRJWYeivJYb8ef1TzW8w4