{
  "name" : "job-1770483608605",
  "sourceOrgId" : "hHOuoswFJgGktQMJ5zhb4B",
  "sourceOrgName" : "LTIMINDTREE",
  "exportedObjects" : [ {
    "objectGuid" : "gxgsKsVfR8NjZmoRAz01Kv",
    "objectName" : "Mapping2",
    "objectType" : "DTEMPLATE",
    "path" : "/Explore/IDMC_TRAINING",
    "providerName" : null,
    "metadata" : {
      "modelVersion" : {
        "major" : 0,
        "minor" : 0
      },
      "repoInfo" : {
        "repoHandle" : "01DK0R1700000000000E"
      },
      "objectRefs" : [ "fJYlv4dPuGJgKjHxtJY6sg" ],
      "contextAttributes" : [ {
        "name" : "id",
        "value" : "@1"
      } ],
      "additionalInfo" : {
        "description" : "",
        "contentType" : "JSON",
        "documentState" : "INVALID"
      }
    }
  }, {
    "objectGuid" : "3W4wQz4lOEfhp6IuHfO0kX",
    "objectName" : "MS4Q1TASK",
    "objectType" : "MTT",
    "path" : "/Explore/IDMC_TRAINING",
    "providerName" : null,
    "metadata" : {
      "modelVersion" : {
        "major" : 0,
        "minor" : 0
      },
      "repoInfo" : {
        "repoHandle" : "01DK0R0Z000000000011"
      },
      "objectRefs" : [ "3NjC03LmWW4h5qqWkxeSKb", "7OC7DQUaaUTjyX7l7LdXSB", "0HE22Y9sYgchfblf4MilaV", "fJYlv4dPuGJgKjHxtJY6sg" ],
      "contextAttributes" : [ {
        "name" : "id",
        "value" : "@1"
      } ],
      "additionalInfo" : {
        "description" : null,
        "contentType" : "JSON",
        "documentState" : "VALID"
      }
    }
  }, {
    "objectGuid" : "5EvFHnd1liYcjufmJLTcW0",
    "objectName" : "Mock1q4",
    "objectType" : "DTEMPLATE",
    "path" : "/Explore/IDMC_TRAINING",
    "providerName" : null,
    "metadata" : {
      "modelVersion" : {
        "major" : 0,
        "minor" : 0
      },
      "repoInfo" : {
        "repoHandle" : "01DK0R1700000000000V"
      },
      "objectRefs" : [ "fJYlv4dPuGJgKjHxtJY6sg" ],
      "contextAttributes" : [ {
        "name" : "id",
        "value" : "@1"
      } ],
      "additionalInfo" : {
        "description" : "",
        "contentType" : "JSON",
        "documentState" : "VALID"
      }
    }
  }, {
    "objectGuid" : "hSUZWHSsrYRlBVFDFFGgo8",
    "objectName" : "Taskflow_linear_order_processing",
    "objectType" : "TASKFLOW",
    "path" : "/Explore/IDMC_TRAINING",
    "providerName" : null,
    "metadata" : {
      "modelVersion" : {
        "major" : 1,
        "minor" : 0
      },
      "repoInfo" : {
        "repoHandle" : "SUXL86zqzm5Y6tM-gt-104141995-2026-01-21T17:41:25.719Z::tf.xml"
      },
      "objectRefs" : [ "4js2cMhTkeRkdKuM7xNxiS", "9yFCX56Kc5odNFfbz7f60P" ],
      "contextAttributes" : null,
      "additionalInfo" : {
        "description" : "",
        "contentType" : "application/json; charset=utf-8",
        "documentState" : "VALID"
      }
    }
  }, {
    "objectGuid" : "4NX3fDcjvpBlpHjjP3WJ2S",
    "objectName" : "Mapping4",
    "objectType" : "DTEMPLATE",
    "path" : "/Explore/IDMC_TRAINING",
    "providerName" : null,
    "metadata" : {
      "modelVersion" : {
        "major" : 0,
        "minor" : 0
      },
      "repoInfo" : {
        "repoHandle" : "01DK0R17000000000011"
      },
      "objectRefs" : [ "7OC7DQUaaUTjyX7l7LdXSB", "fJYlv4dPuGJgKjHxtJY6sg" ],
      "contextAttributes" : [ {
        "name" : "id",
        "value" : "@1"
      } ],
      "additionalInfo" : {
        "description" : "",
        "contentType" : "JSON",
        "documentState" : "VALID"
      }
    }
  }, {
    "objectGuid" : "4js2cMhTkeRkdKuM7xNxiS",
    "objectName" : "task_load_bulk_orders",
    "objectType" : "MTT",
    "path" : "/Explore/IDMC_TRAINING",
    "providerName" : null,
    "metadata" : {
      "modelVersion" : {
        "major" : 0,
        "minor" : 0
      },
      "repoInfo" : {
        "repoHandle" : "01DK0R0Z00000000000I"
      },
      "objectRefs" : [ "1ujzFc9qrR4bZjGwWJIKw6", "3NjC03LmWW4h5qqWkxeSKb", "fJYlv4dPuGJgKjHxtJY6sg" ],
      "contextAttributes" : [ {
        "name" : "id",
        "value" : "@1"
      } ],
      "additionalInfo" : {
        "description" : null,
        "contentType" : "JSON",
        "documentState" : "VALID"
      }
    }
  }, {
    "objectGuid" : "7C530SkZWimg57FQNvqs0a",
    "objectName" : "mock2q4",
    "objectType" : "DTEMPLATE",
    "path" : "/Explore/IDMC_TRAINING",
    "providerName" : null,
    "metadata" : {
      "modelVersion" : {
        "major" : 0,
        "minor" : 0
      },
      "repoInfo" : {
        "repoHandle" : "01DK0R17000000000012"
      },
      "objectRefs" : [ "1vlshzdkRfHcj0TRY5Il6v", "7OC7DQUaaUTjyX7l7LdXSB" ],
      "contextAttributes" : [ {
        "name" : "id",
        "value" : "@1"
      } ],
      "additionalInfo" : {
        "description" : "",
        "contentType" : "JSON",
        "documentState" : "VALID"
      }
    }
  }, {
    "objectGuid" : "7UgLcrxK81cfr4zsiY9jeP",
    "objectName" : "redbus_conn",
    "objectType" : "Connection",
    "path" : "/SYS",
    "providerName" : null,
    "metadata" : {
      "modelVersion" : {
        "major" : 0,
        "minor" : 0
      },
      "repoInfo" : {
        "repoHandle" : "01DK0R0B00000000000B"
      },
      "objectRefs" : [ "3NjC03LmWW4h5qqWkxeSKb" ],
      "contextAttributes" : [ {
        "name" : "id",
        "value" : "@1"
      } ],
      "additionalInfo" : {
        "description" : null,
        "contentType" : "JSON",
        "documentState" : "COMPLETE"
      }
    }
  }, {
    "objectGuid" : "hJ0BRA86sURfNCXA5l8bmu",
    "objectName" : "M_EMPLOYEES_COMPLETE_PARAMETERIZE",
    "objectType" : "DTEMPLATE",
    "path" : "/Explore/IDMC_TRAINING",
    "providerName" : null,
    "metadata" : {
      "modelVersion" : {
        "major" : 0,
        "minor" : 0
      },
      "repoInfo" : {
        "repoHandle" : "01DK0R1700000000000K"
      },
      "objectRefs" : [ ],
      "contextAttributes" : [ {
        "name" : "id",
        "value" : "@1"
      } ],
      "additionalInfo" : {
        "description" : "",
        "contentType" : "JSON",
        "documentState" : "VALID"
      }
    }
  }, {
    "objectGuid" : "0M6uFcGMyVpjmplZ7YevWK",
    "objectName" : "MT_HANDSON1",
    "objectType" : "MTT",
    "path" : "/Explore/IDMC_TRAINING",
    "providerName" : null,
    "metadata" : {
      "modelVersion" : {
        "major" : 0,
        "minor" : 0
      },
      "repoInfo" : {
        "repoHandle" : "01DK0R0Z00000000000D"
      },
      "objectRefs" : [ "4QH0CauwE2VjhYns8sycSE", "1vlshzdkRfHcj0TRY5Il6v", "3NjC03LmWW4h5qqWkxeSKb", "7OC7DQUaaUTjyX7l7LdXSB" ],
      "contextAttributes" : [ {
        "name" : "id",
        "value" : "@1"
      } ],
      "additionalInfo" : {
        "description" : null,
        "contentType" : "JSON",
        "documentState" : "VALID"
      }
    }
  }, {
    "objectGuid" : "0HE22Y9sYgchfblf4MilaV",
    "objectName" : "MS4Q1",
    "objectType" : "DTEMPLATE",
    "path" : "/Explore/IDMC_TRAINING",
    "providerName" : null,
    "metadata" : {
      "modelVersion" : {
        "major" : 0,
        "minor" : 0
      },
      "repoInfo" : {
        "repoHandle" : "01DK0R17000000000014"
      },
      "objectRefs" : [ "7OC7DQUaaUTjyX7l7LdXSB", "fJYlv4dPuGJgKjHxtJY6sg" ],
      "contextAttributes" : [ {
        "name" : "id",
        "value" : "@1"
      } ],
      "additionalInfo" : {
        "description" : "",
        "contentType" : "JSON",
        "documentState" : "VALID"
      }
    }
  }, {
    "objectGuid" : "5vGcIFlMfZbfkH4yYd0aMH",
    "objectName" : "MOCK2Q2",
    "objectType" : "DTEMPLATE",
    "path" : "/Explore/IDMC_TRAINING",
    "providerName" : null,
    "metadata" : {
      "modelVersion" : {
        "major" : 0,
        "minor" : 0
      },
      "repoInfo" : {
        "repoHandle" : "01DK0R17000000000013"
      },
      "objectRefs" : [ "fJYlv4dPuGJgKjHxtJY6sg" ],
      "contextAttributes" : [ {
        "name" : "id",
        "value" : "@1"
      } ],
      "additionalInfo" : {
        "description" : "",
        "contentType" : "JSON",
        "documentState" : "VALID"
      }
    }
  }, {
    "objectGuid" : "9EoXEuBwzcdlNIF6cH0dGE",
    "objectName" : "M_EMPLOYEES_SCD2V",
    "objectType" : "DTEMPLATE",
    "path" : "/Explore/IDMC_TRAINING",
    "providerName" : null,
    "metadata" : {
      "modelVersion" : {
        "major" : 0,
        "minor" : 0
      },
      "repoInfo" : {
        "repoHandle" : "01DK0R1700000000000G"
      },
      "objectRefs" : [ "7tACDJewDlVfo6pe1XSbe3" ],
      "contextAttributes" : [ {
        "name" : "id",
        "value" : "@1"
      } ],
      "additionalInfo" : {
        "description" : "",
        "contentType" : "JSON",
        "documentState" : "VALID"
      }
    }
  }, {
    "objectGuid" : "gcwvyrEwKYViFAxOxOFbkq",
    "objectName" : "MYMOCKQ4TASK1",
    "objectType" : "MTT",
    "path" : "/Explore/IDMC_TRAINING",
    "providerName" : null,
    "metadata" : {
      "modelVersion" : {
        "major" : 0,
        "minor" : 0
      },
      "repoInfo" : {
        "repoHandle" : "01DK0R0Z00000000000Q"
      },
      "objectRefs" : [ "1vlshzdkRfHcj0TRY5Il6v", "7v51r91ddhdiByEjRVtbYa", "3NjC03LmWW4h5qqWkxeSKb", "7OC7DQUaaUTjyX7l7LdXSB" ],
      "contextAttributes" : [ {
        "name" : "id",
        "value" : "@1"
      } ],
      "additionalInfo" : {
        "description" : null,
        "contentType" : "JSON",
        "documentState" : "VALID"
      }
    }
  }, {
    "objectGuid" : "fKnjIFC9RGSiQ8tJyoJJWm",
    "objectName" : "m_load_product_inventory",
    "objectType" : "DTEMPLATE",
    "path" : "/Explore/IDMC_TRAINING",
    "providerName" : null,
    "metadata" : {
      "modelVersion" : {
        "major" : 0,
        "minor" : 0
      },
      "repoInfo" : {
        "repoHandle" : "01DK0R1700000000000P"
      },
      "objectRefs" : [ "7tACDJewDlVfo6pe1XSbe3", "fJYlv4dPuGJgKjHxtJY6sg" ],
      "contextAttributes" : [ {
        "name" : "id",
        "value" : "@1"
      } ],
      "additionalInfo" : {
        "description" : "",
        "contentType" : "JSON",
        "documentState" : "VALID"
      }
    }
  }, {
    "objectGuid" : "4eCawRc9uE9dhPzHkxG1Wb",
    "objectName" : "IDMC_TRAINING",
    "objectType" : "Project",
    "path" : "/Explore",
    "providerName" : null,
    "metadata" : {
      "modelVersion" : {
        "major" : 0,
        "minor" : 0
      },
      "repoInfo" : null,
      "objectRefs" : [ ],
      "contextAttributes" : [ ],
      "additionalInfo" : {
        "description" : "",
        "contentType" : "Binary",
        "documentState" : "COMPLETE"
      }
    }
  }, {
    "objectGuid" : "0cpP81Bz0gij6YPAwdI34Y",
    "objectName" : "Taskflow2",
    "objectType" : "TASKFLOW",
    "path" : "/Explore/IDMC_TRAINING",
    "providerName" : null,
    "metadata" : {
      "modelVersion" : {
        "major" : 1,
        "minor" : 0
      },
      "repoInfo" : {
        "repoHandle" : "pgneO0fXs3C6LlR-gt-35451403-2026-01-20T06:21:35.247Z::tf.xml"
      },
      "objectRefs" : [ "0DLDn1JpQkIfbKHQYLQFUp", "24pGw5seF7CjWyLZwol2ik", "f62RK4ZeoirivHG0IXAR8z" ],
      "contextAttributes" : null,
      "additionalInfo" : {
        "description" : "",
        "contentType" : "application/json; charset=utf-8",
        "documentState" : "VALID"
      }
    }
  }, {
    "objectGuid" : "4og6pq3oNq7libP05uwVK5",
    "objectName" : "m_sales_category_router",
    "objectType" : "DTEMPLATE",
    "path" : "/Explore/IDMC_TRAINING",
    "providerName" : null,
    "metadata" : {
      "modelVersion" : {
        "major" : 0,
        "minor" : 0
      },
      "repoInfo" : {
        "repoHandle" : "01DK0R17000000000009"
      },
      "objectRefs" : [ "fJYlv4dPuGJgKjHxtJY6sg" ],
      "contextAttributes" : [ {
        "name" : "id",
        "value" : "@1"
      } ],
      "additionalInfo" : {
        "description" : "",
        "contentType" : "JSON",
        "documentState" : "VALID"
      }
    }
  }, {
    "objectGuid" : "45oQYQ2pYH6lgXEOahjpq5",
    "objectName" : "Taskflow3",
    "objectType" : "TASKFLOW",
    "path" : "/Explore/IDMC_TRAINING",
    "providerName" : null,
    "metadata" : {
      "modelVersion" : {
        "major" : 1,
        "minor" : 0
      },
      "repoInfo" : {
        "repoHandle" : "Gicmdz9Iqy3eHRi-gt-35496144-2026-01-20T07:01:45.305Z::tf.xml"
      },
      "objectRefs" : [ "0DLDn1JpQkIfbKHQYLQFUp", "3NjC03LmWW4h5qqWkxeSKb" ],
      "contextAttributes" : null,
      "additionalInfo" : {
        "description" : "",
        "contentType" : "application/json; charset=utf-8",
        "documentState" : "VALID"
      }
    }
  }, {
    "objectGuid" : "iJN8a7ixXezhM7v7suCygV",
    "objectName" : "M_MS_ORDERS",
    "objectType" : "DTEMPLATE",
    "path" : "/Explore/IDMC_TRAINING",
    "providerName" : null,
    "metadata" : {
      "modelVersion" : {
        "major" : 0,
        "minor" : 0
      },
      "repoInfo" : {
        "repoHandle" : "01DK0R1700000000000O"
      },
      "objectRefs" : [ "fJYlv4dPuGJgKjHxtJY6sg" ],
      "contextAttributes" : [ {
        "name" : "id",
        "value" : "@1"
      } ],
      "additionalInfo" : {
        "description" : "",
        "contentType" : "JSON",
        "documentState" : "VALID"
      }
    }
  }, {
    "objectGuid" : "a8YOxkegBEHdVQOF75mrGR",
    "objectName" : "SCD1",
    "objectType" : "DTEMPLATE",
    "path" : "/Explore/IDMC_TRAINING",
    "providerName" : null,
    "metadata" : {
      "modelVersion" : {
        "major" : 0,
        "minor" : 0
      },
      "repoInfo" : {
        "repoHandle" : "01DK0R1700000000001G"
      },
      "objectRefs" : [ "7OC7DQUaaUTjyX7l7LdXSB", "fJYlv4dPuGJgKjHxtJY6sg" ],
      "contextAttributes" : [ {
        "name" : "id",
        "value" : "@1"
      } ],
      "additionalInfo" : {
        "description" : "",
        "contentType" : "JSON",
        "documentState" : "VALID"
      }
    }
  }, {
    "objectGuid" : "btho44Hf8isbLVG9M53psh",
    "objectName" : "MY_MS4_TASK_EMPLOYEE",
    "objectType" : "MTT",
    "path" : "/Explore/IDMC_TRAINING",
    "providerName" : null,
    "metadata" : {
      "modelVersion" : {
        "major" : 0,
        "minor" : 0
      },
      "repoInfo" : {
        "repoHandle" : "01DK0R0Z00000000000E"
      },
      "objectRefs" : [ "3NjC03LmWW4h5qqWkxeSKb", "8DjMRjlBcM0fPbm9CogPKi", "fJYlv4dPuGJgKjHxtJY6sg" ],
      "contextAttributes" : [ {
        "name" : "id",
        "value" : "@1"
      } ],
      "additionalInfo" : {
        "description" : null,
        "contentType" : "JSON",
        "documentState" : "VALID"
      }
    }
  }, {
    "objectGuid" : "3NjC03LmWW4h5qqWkxeSKb",
    "objectName" : "DESKTOP-0FU31RQ",
    "objectType" : "AgentGroup",
    "path" : "/SYS",
    "providerName" : null,
    "metadata" : {
      "modelVersion" : {
        "major" : 0,
        "minor" : 0
      },
      "repoInfo" : {
        "repoHandle" : "01DK0R2500000000005M"
      },
      "objectRefs" : [ ],
      "contextAttributes" : [ {
        "name" : "id",
        "value" : "@1"
      } ],
      "additionalInfo" : {
        "description" : null,
        "contentType" : "JSON",
        "documentState" : "VALID"
      }
    }
  }, {
    "objectGuid" : "5rhgFi7uXSDcveawly37mf",
    "objectName" : "mock1q4map2",
    "objectType" : "DTEMPLATE",
    "path" : "/Explore/IDMC_TRAINING",
    "providerName" : null,
    "metadata" : {
      "modelVersion" : {
        "major" : 0,
        "minor" : 0
      },
      "repoInfo" : {
        "repoHandle" : "01DK0R1700000000000Y"
      },
      "objectRefs" : [ "7OC7DQUaaUTjyX7l7LdXSB", "fJYlv4dPuGJgKjHxtJY6sg" ],
      "contextAttributes" : [ {
        "name" : "id",
        "value" : "@1"
      } ],
      "additionalInfo" : {
        "description" : "",
        "contentType" : "JSON",
        "documentState" : "VALID"
      }
    }
  }, {
    "objectGuid" : "dwZBaInP5oFddDZAvFwtSy",
    "objectName" : "M_FACT_BOOKINGS",
    "objectType" : "DTEMPLATE",
    "path" : "/Explore/IDMC_TRAINING",
    "providerName" : null,
    "metadata" : {
      "modelVersion" : {
        "major" : 0,
        "minor" : 0
      },
      "repoInfo" : {
        "repoHandle" : "01DK0R1700000000001R"
      },
      "objectRefs" : [ "7UgLcrxK81cfr4zsiY9jeP" ],
      "contextAttributes" : [ {
        "name" : "id",
        "value" : "@1"
      } ],
      "additionalInfo" : {
        "description" : "",
        "contentType" : "JSON",
        "documentState" : "VALID"
      }
    }
  }, {
    "objectGuid" : "4S8fbbTZRhmeq4IU3kMKq8",
    "objectName" : "Mapping5",
    "objectType" : "DTEMPLATE",
    "path" : "/Explore/IDMC_TRAINING",
    "providerName" : null,
    "metadata" : {
      "modelVersion" : {
        "major" : 0,
        "minor" : 0
      },
      "repoInfo" : {
        "repoHandle" : "01DK0R1700000000001O"
      },
      "objectRefs" : [ "7OC7DQUaaUTjyX7l7LdXSB" ],
      "contextAttributes" : [ {
        "name" : "id",
        "value" : "@1"
      } ],
      "additionalInfo" : {
        "description" : "",
        "contentType" : "JSON",
        "documentState" : "VALID"
      }
    }
  }, {
    "objectGuid" : "dCXIdlDav8qjznmz2QFtYP",
    "objectName" : "TASKFLOW_WITH_DECESSION PROPERTIES",
    "objectType" : "TASKFLOW",
    "path" : "/Explore/IDMC_TRAINING",
    "providerName" : null,
    "metadata" : {
      "modelVersion" : {
        "major" : 1,
        "minor" : 0
      },
      "repoInfo" : {
        "repoHandle" : "AZf5kck8jKBmeK3-gt-100981735-2026-01-19T10:24:30.422Z::tf.xml"
      },
      "objectRefs" : [ "iVVJSOHrVQTgKhndu9a2Qq" ],
      "contextAttributes" : null,
      "additionalInfo" : {
        "description" : "",
        "contentType" : "application/json; charset=utf-8",
        "documentState" : "VALID"
      }
    }
  }, {
    "objectGuid" : "2EaRSaPaoz4fjF5O7wiM2f",
    "objectName" : "M_EXPRESSION_PARAMETER",
    "objectType" : "DTEMPLATE",
    "path" : "/Explore/IDMC_TRAINING",
    "providerName" : null,
    "metadata" : {
      "modelVersion" : {
        "major" : 0,
        "minor" : 0
      },
      "repoInfo" : {
        "repoHandle" : "01DK0R1700000000000J"
      },
      "objectRefs" : [ "7tACDJewDlVfo6pe1XSbe3" ],
      "contextAttributes" : [ {
        "name" : "id",
        "value" : "@1"
      } ],
      "additionalInfo" : {
        "description" : "",
        "contentType" : "JSON",
        "documentState" : "VALID"
      }
    }
  }, {
    "objectGuid" : "6HTNFmhY2GIhtAVQEN22kb",
    "objectName" : "m_dispatch_ready_orders",
    "objectType" : "DTEMPLATE",
    "path" : "/Explore/IDMC_TRAINING",
    "providerName" : null,
    "metadata" : {
      "modelVersion" : {
        "major" : 0,
        "minor" : 0
      },
      "repoInfo" : {
        "repoHandle" : "01DK0R1700000000000R"
      },
      "objectRefs" : [ "fJYlv4dPuGJgKjHxtJY6sg" ],
      "contextAttributes" : [ {
        "name" : "id",
        "value" : "@1"
      } ],
      "additionalInfo" : {
        "description" : "",
        "contentType" : "JSON",
        "documentState" : "VALID"
      }
    }
  }, {
    "objectGuid" : "7DyPw4fMFf8fgtG8kdP9Kn",
    "objectName" : "M_ROUTE_DIM",
    "objectType" : "DTEMPLATE",
    "path" : "/Explore/IDMC_TRAINING",
    "providerName" : null,
    "metadata" : {
      "modelVersion" : {
        "major" : 0,
        "minor" : 0
      },
      "repoInfo" : {
        "repoHandle" : "01DK0R1700000000001Q"
      },
      "objectRefs" : [ "7OC7DQUaaUTjyX7l7LdXSB" ],
      "contextAttributes" : [ {
        "name" : "id",
        "value" : "@1"
      } ],
      "additionalInfo" : {
        "description" : "",
        "contentType" : "JSON",
        "documentState" : "VALID"
      }
    }
  }, {
    "objectGuid" : "1FcoEIkwCkpezjUbsileY0",
    "objectName" : "m_dim_route_load",
    "objectType" : "DTEMPLATE",
    "path" : "/Explore/IDMC_TRAINING",
    "providerName" : null,
    "metadata" : {
      "modelVersion" : {
        "major" : 0,
        "minor" : 0
      },
      "repoInfo" : {
        "repoHandle" : "01DK0R17000000000018"
      },
      "objectRefs" : [ "7OC7DQUaaUTjyX7l7LdXSB" ],
      "contextAttributes" : [ {
        "name" : "id",
        "value" : "@1"
      } ],
      "additionalInfo" : {
        "description" : "",
        "contentType" : "JSON",
        "documentState" : "VALID"
      }
    }
  }, {
    "objectGuid" : "h160SJSVM67eLEvItqSLim",
    "objectName" : "weeklycod3q2",
    "objectType" : "DTEMPLATE",
    "path" : "/Explore/IDMC_TRAINING",
    "providerName" : null,
    "metadata" : {
      "modelVersion" : {
        "major" : 0,
        "minor" : 0
      },
      "repoInfo" : {
        "repoHandle" : "01DK0R1700000000000B"
      },
      "objectRefs" : [ "fJYlv4dPuGJgKjHxtJY6sg" ],
      "contextAttributes" : [ {
        "name" : "id",
        "value" : "@1"
      } ],
      "additionalInfo" : {
        "description" : "",
        "contentType" : "JSON",
        "documentState" : "INVALID"
      }
    }
  }, {
    "objectGuid" : "20D1OuSJvEhi6E8ysVnbUP",
    "objectName" : "MS4Q2",
    "objectType" : "DTEMPLATE",
    "path" : "/Explore/IDMC_TRAINING",
    "providerName" : null,
    "metadata" : {
      "modelVersion" : {
        "major" : 0,
        "minor" : 0
      },
      "repoInfo" : {
        "repoHandle" : "01DK0R17000000000016"
      },
      "objectRefs" : [ "7OC7DQUaaUTjyX7l7LdXSB", "fJYlv4dPuGJgKjHxtJY6sg" ],
      "contextAttributes" : [ {
        "name" : "id",
        "value" : "@1"
      } ],
      "additionalInfo" : {
        "description" : "",
        "contentType" : "JSON",
        "documentState" : "VALID"
      }
    }
  }, {
    "objectGuid" : "jf1jstYM961iMYd1gdbiIL",
    "objectName" : "M_CUSTOMERS_REDBUS",
    "objectType" : "DTEMPLATE",
    "path" : "/Explore/IDMC_TRAINING",
    "providerName" : null,
    "metadata" : {
      "modelVersion" : {
        "major" : 0,
        "minor" : 0
      },
      "repoInfo" : {
        "repoHandle" : "01DK0R1700000000001H"
      },
      "objectRefs" : [ "7OC7DQUaaUTjyX7l7LdXSB" ],
      "contextAttributes" : [ {
        "name" : "id",
        "value" : "@1"
      } ],
      "additionalInfo" : {
        "description" : "",
        "contentType" : "JSON",
        "documentState" : "VALID"
      }
    }
  }, {
    "objectGuid" : "l1uVLVOwVW5iceygNvr5ei",
    "objectName" : "MYTMOCK1Q4TASKFLOW2",
    "objectType" : "MTT",
    "path" : "/Explore/IDMC_TRAINING",
    "providerName" : null,
    "metadata" : {
      "modelVersion" : {
        "major" : 0,
        "minor" : 0
      },
      "repoInfo" : {
        "repoHandle" : "01DK0R0Z00000000000S"
      },
      "objectRefs" : [ "3NjC03LmWW4h5qqWkxeSKb", "7OC7DQUaaUTjyX7l7LdXSB", "5rhgFi7uXSDcveawly37mf", "fJYlv4dPuGJgKjHxtJY6sg" ],
      "contextAttributes" : [ {
        "name" : "id",
        "value" : "@1"
      } ],
      "additionalInfo" : {
        "description" : null,
        "contentType" : "JSON",
        "documentState" : "VALID"
      }
    }
  }, {
    "objectGuid" : "6FWzYvJ7AA8eilaMRbUkGl",
    "objectName" : "M_PORDUCT_EXPRESSION_MACRO",
    "objectType" : "DTEMPLATE",
    "path" : "/Explore/IDMC_TRAINING",
    "providerName" : null,
    "metadata" : {
      "modelVersion" : {
        "major" : 0,
        "minor" : 0
      },
      "repoInfo" : {
        "repoHandle" : "01DK0R1700000000000I"
      },
      "objectRefs" : [ "7tACDJewDlVfo6pe1XSbe3" ],
      "contextAttributes" : [ {
        "name" : "id",
        "value" : "@1"
      } ],
      "additionalInfo" : {
        "description" : "",
        "contentType" : "JSON",
        "documentState" : "VALID"
      }
    }
  }, {
    "objectGuid" : "7OC7DQUaaUTjyX7l7LdXSB",
    "objectName" : "snow_cn",
    "objectType" : "Connection",
    "path" : "/SYS",
    "providerName" : null,
    "metadata" : {
      "modelVersion" : {
        "major" : 0,
        "minor" : 0
      },
      "repoInfo" : {
        "repoHandle" : "01DK0R0B000000000004"
      },
      "objectRefs" : [ "3NjC03LmWW4h5qqWkxeSKb" ],
      "contextAttributes" : [ {
        "name" : "id",
        "value" : "@1"
      } ],
      "additionalInfo" : {
        "description" : null,
        "contentType" : "JSON",
        "documentState" : "COMPLETE"
      }
    }
  }, {
    "objectGuid" : "8FqfAxJYZqvjllv2iqH8oh",
    "objectName" : "SYNC_EMPLOYEE_LOAD",
    "objectType" : "DSS",
    "path" : "/Explore/IDMC_TRAINING",
    "providerName" : null,
    "metadata" : {
      "modelVersion" : {
        "major" : 0,
        "minor" : 0
      },
      "repoInfo" : {
        "repoHandle" : "01DK0R0I000000000002"
      },
      "objectRefs" : [ "7tACDJewDlVfo6pe1XSbe3", "fJYlv4dPuGJgKjHxtJY6sg" ],
      "contextAttributes" : [ {
        "name" : "id",
        "value" : "@1"
      } ],
      "additionalInfo" : {
        "description" : "",
        "contentType" : "JSON",
        "documentState" : "VALID"
      }
    }
  }, {
    "objectGuid" : "1oqGEIoG1HnkK4RZRepAMj",
    "objectName" : "Mock1q2",
    "objectType" : "DTEMPLATE",
    "path" : "/Explore/IDMC_TRAINING",
    "providerName" : null,
    "metadata" : {
      "modelVersion" : {
        "major" : 0,
        "minor" : 0
      },
      "repoInfo" : {
        "repoHandle" : "01DK0R1700000000000T"
      },
      "objectRefs" : [ "7OC7DQUaaUTjyX7l7LdXSB", "fJYlv4dPuGJgKjHxtJY6sg" ],
      "contextAttributes" : [ {
        "name" : "id",
        "value" : "@1"
      } ],
      "additionalInfo" : {
        "description" : "",
        "contentType" : "JSON",
        "documentState" : "VALID"
      }
    }
  }, {
    "objectGuid" : "gWQa8bETWq5i2qPMgu3wM9",
    "objectName" : "MOCK1MS4",
    "objectType" : "DTEMPLATE",
    "path" : "/Explore/IDMC_TRAINING",
    "providerName" : null,
    "metadata" : {
      "modelVersion" : {
        "major" : 0,
        "minor" : 0
      },
      "repoInfo" : {
        "repoHandle" : "01DK0R1700000000000S"
      },
      "objectRefs" : [ "7tACDJewDlVfo6pe1XSbe3", "fJYlv4dPuGJgKjHxtJY6sg" ],
      "contextAttributes" : [ {
        "name" : "id",
        "value" : "@1"
      } ],
      "additionalInfo" : {
        "description" : "",
        "contentType" : "JSON",
        "documentState" : "VALID"
      }
    }
  }, {
    "objectGuid" : "9ZS2mI4gNTukENeBrRyxM5",
    "objectName" : "Taskflow1",
    "objectType" : "TASKFLOW",
    "path" : "/Explore/IDMC_TRAINING",
    "providerName" : null,
    "metadata" : {
      "modelVersion" : {
        "major" : 1,
        "minor" : 0
      },
      "repoInfo" : {
        "repoHandle" : "FnAnOjseGbciZBp-gt-103508163-2026-01-19T10:01:12.502Z::tf.xml"
      },
      "objectRefs" : [ "f62RK4ZeoirivHG0IXAR8z", "iVVJSOHrVQTgKhndu9a2Qq" ],
      "contextAttributes" : null,
      "additionalInfo" : {
        "description" : "",
        "contentType" : "application/json; charset=utf-8",
        "documentState" : "VALID"
      }
    }
  }, {
    "objectGuid" : "7R4mQek33KXcrppm8H16k8",
    "objectName" : "ORDER_INFO",
    "objectType" : "AI_SERVICE_CONNECTOR",
    "path" : "/Explore/IDMC_TRAINING",
    "providerName" : null,
    "metadata" : {
      "modelVersion" : {
        "major" : 1,
        "minor" : 0
      },
      "repoInfo" : {
        "repoHandle" : "i34jBvSx0aa-gt-34443478-2026-01-21T10:00:29.137Z::svc.xml"
      },
      "objectRefs" : [ ],
      "contextAttributes" : null,
      "additionalInfo" : {
        "description" : "",
        "contentType" : "application/json; charset=utf-8",
        "documentState" : "INVALID"
      }
    }
  }, {
    "objectGuid" : "6YtWyLBi5eIcRR1RrR31Sv",
    "objectName" : "m_student_top_bottom_normalizer",
    "objectType" : "DTEMPLATE",
    "path" : "/Explore/IDMC_TRAINING",
    "providerName" : null,
    "metadata" : {
      "modelVersion" : {
        "major" : 0,
        "minor" : 0
      },
      "repoInfo" : {
        "repoHandle" : "01DK0R1700000000000X"
      },
      "objectRefs" : [ "7tACDJewDlVfo6pe1XSbe3", "fJYlv4dPuGJgKjHxtJY6sg" ],
      "contextAttributes" : [ {
        "name" : "id",
        "value" : "@1"
      } ],
      "additionalInfo" : {
        "description" : "",
        "contentType" : "JSON",
        "documentState" : "VALID"
      }
    }
  }, {
    "objectGuid" : "3NSEBagQlmXbhaAe9tNN8o",
    "objectName" : "weekly4cod1",
    "objectType" : "DTEMPLATE",
    "path" : "/Explore/IDMC_TRAINING",
    "providerName" : null,
    "metadata" : {
      "modelVersion" : {
        "major" : 0,
        "minor" : 0
      },
      "repoInfo" : {
        "repoHandle" : "01DK0R1700000000000A"
      },
      "objectRefs" : [ "fJYlv4dPuGJgKjHxtJY6sg" ],
      "contextAttributes" : [ {
        "name" : "id",
        "value" : "@1"
      } ],
      "additionalInfo" : {
        "description" : "",
        "contentType" : "JSON",
        "documentState" : "VALID"
      }
    }
  }, {
    "objectGuid" : "24pGw5seF7CjWyLZwol2ik",
    "objectName" : "MT_EMPLOYEES_PARA",
    "objectType" : "MTT",
    "path" : "/Explore/IDMC_TRAINING",
    "providerName" : null,
    "metadata" : {
      "modelVersion" : {
        "major" : 0,
        "minor" : 0
      },
      "repoInfo" : {
        "repoHandle" : "01DK0R0Z000000000009"
      },
      "objectRefs" : [ "7tACDJewDlVfo6pe1XSbe3", "3NjC03LmWW4h5qqWkxeSKb", "2EaRSaPaoz4fjF5O7wiM2f" ],
      "contextAttributes" : [ {
        "name" : "id",
        "value" : "@1"
      } ],
      "additionalInfo" : {
        "description" : null,
        "contentType" : "JSON",
        "documentState" : "VALID"
      }
    }
  }, {
    "objectGuid" : "9yFCX56Kc5odNFfbz7f60P",
    "objectName" : "task_dispatch_ready_orders",
    "objectType" : "MTT",
    "path" : "/Explore/IDMC_TRAINING",
    "providerName" : null,
    "metadata" : {
      "modelVersion" : {
        "major" : 0,
        "minor" : 0
      },
      "repoInfo" : {
        "repoHandle" : "01DK0R0Z00000000000J"
      },
      "objectRefs" : [ "3NjC03LmWW4h5qqWkxeSKb", "6HTNFmhY2GIhtAVQEN22kb", "fJYlv4dPuGJgKjHxtJY6sg" ],
      "contextAttributes" : [ {
        "name" : "id",
        "value" : "@1"
      } ],
      "additionalInfo" : {
        "description" : null,
        "contentType" : "JSON",
        "documentState" : "VALID"
      }
    }
  }, {
    "objectGuid" : "iVVJSOHrVQTgKhndu9a2Qq",
    "objectName" : "MT_EMPLOYEES_SCD2V",
    "objectType" : "MTT",
    "path" : "/Explore/IDMC_TRAINING",
    "providerName" : null,
    "metadata" : {
      "modelVersion" : {
        "major" : 0,
        "minor" : 0
      },
      "repoInfo" : {
        "repoHandle" : "01DK0R0Z000000000006"
      },
      "objectRefs" : [ "9EoXEuBwzcdlNIF6cH0dGE", "7tACDJewDlVfo6pe1XSbe3", "3NjC03LmWW4h5qqWkxeSKb" ],
      "contextAttributes" : [ {
        "name" : "id",
        "value" : "@1"
      } ],
      "additionalInfo" : {
        "description" : null,
        "contentType" : "JSON",
        "documentState" : "VALID"
      }
    }
  }, {
    "objectGuid" : "04LgUdZ62xHd0tGMDhrOka",
    "objectName" : "MY_TASKFLOW_MS4",
    "objectType" : "TASKFLOW",
    "path" : "/Explore/IDMC_TRAINING",
    "providerName" : null,
    "metadata" : {
      "modelVersion" : {
        "major" : 1,
        "minor" : 0
      },
      "repoInfo" : {
        "repoHandle" : "9GUkdypKwKBqRi9-gt-106390768-2026-01-21T09:23:17.972Z::tf.xml"
      },
      "objectRefs" : [ "3UvWqTnFxrQfjPg0RfHbQF", "btho44Hf8isbLVG9M53psh" ],
      "contextAttributes" : null,
      "additionalInfo" : {
        "description" : "",
        "contentType" : "application/json; charset=utf-8",
        "documentState" : "VALID"
      }
    }
  }, {
    "objectGuid" : "3ifPjuMPfWIcSG6OlSFTAY",
    "objectName" : "LINEAR_TASKFLOW_MOCK1",
    "objectType" : "TASKFLOW",
    "path" : "/Explore/IDMC_TRAINING",
    "providerName" : null,
    "metadata" : {
      "modelVersion" : {
        "major" : 1,
        "minor" : 0
      },
      "repoInfo" : {
        "repoHandle" : "cm3rp3yD7tyGoQw-gt-96725033-2026-01-22T19:47:15.044Z::tf.xml"
      },
      "objectRefs" : [ "gcwvyrEwKYViFAxOxOFbkq", "l1uVLVOwVW5iceygNvr5ei" ],
      "contextAttributes" : null,
      "additionalInfo" : {
        "description" : "",
        "contentType" : "application/json; charset=utf-8",
        "documentState" : "VALID"
      }
    }
  }, {
    "objectGuid" : "cIhNwi1SgqAhzB5J5tjWib",
    "objectName" : "weeklycod2ques",
    "objectType" : "DTEMPLATE",
    "path" : "/Explore/IDMC_TRAINING",
    "providerName" : null,
    "metadata" : {
      "modelVersion" : {
        "major" : 0,
        "minor" : 0
      },
      "repoInfo" : {
        "repoHandle" : "01DK0R1700000000000C"
      },
      "objectRefs" : [ "fJYlv4dPuGJgKjHxtJY6sg" ],
      "contextAttributes" : [ {
        "name" : "id",
        "value" : "@1"
      } ],
      "additionalInfo" : {
        "description" : "",
        "contentType" : "JSON",
        "documentState" : "INVALID"
      }
    }
  }, {
    "objectGuid" : "0DLDn1JpQkIfbKHQYLQFUp",
    "objectName" : "MT_EMPLOYEES_COMPLETE_PARAMETERIZE",
    "objectType" : "MTT",
    "path" : "/Explore/IDMC_TRAINING",
    "providerName" : null,
    "metadata" : {
      "modelVersion" : {
        "major" : 0,
        "minor" : 0
      },
      "repoInfo" : {
        "repoHandle" : "01DK0R0Z00000000000B"
      },
      "objectRefs" : [ "7tACDJewDlVfo6pe1XSbe3", "3NjC03LmWW4h5qqWkxeSKb", "hJ0BRA86sURfNCXA5l8bmu", "fJYlv4dPuGJgKjHxtJY6sg" ],
      "contextAttributes" : [ {
        "name" : "id",
        "value" : "@1"
      } ],
      "additionalInfo" : {
        "description" : null,
        "contentType" : "JSON",
        "documentState" : "VALID"
      }
    }
  }, {
    "objectGuid" : "7eJ1MtIr0o0j4QHa4a1Cs1",
    "objectName" : "MYMOCK1Q2TASK",
    "objectType" : "MTT",
    "path" : "/Explore/IDMC_TRAINING",
    "providerName" : null,
    "metadata" : {
      "modelVersion" : {
        "major" : 0,
        "minor" : 0
      },
      "repoInfo" : {
        "repoHandle" : "01DK0R0Z00000000000P"
      },
      "objectRefs" : [ "3NjC03LmWW4h5qqWkxeSKb", "7OC7DQUaaUTjyX7l7LdXSB", "1oqGEIoG1HnkK4RZRepAMj", "fJYlv4dPuGJgKjHxtJY6sg" ],
      "contextAttributes" : [ {
        "name" : "id",
        "value" : "@1"
      } ],
      "additionalInfo" : {
        "description" : null,
        "contentType" : "JSON",
        "documentState" : "VALID"
      }
    }
  }, {
    "objectGuid" : "gxC6AGrO78YgH13joYaeSp",
    "objectName" : "mock2q3",
    "objectType" : "DTEMPLATE",
    "path" : "/Explore/IDMC_TRAINING",
    "providerName" : null,
    "metadata" : {
      "modelVersion" : {
        "major" : 0,
        "minor" : 0
      },
      "repoInfo" : {
        "repoHandle" : "01DK0R17000000000010"
      },
      "objectRefs" : [ "fJYlv4dPuGJgKjHxtJY6sg" ],
      "contextAttributes" : [ {
        "name" : "id",
        "value" : "@1"
      } ],
      "additionalInfo" : {
        "description" : "",
        "contentType" : "JSON",
        "documentState" : "VALID"
      }
    }
  }, {
    "objectGuid" : "1ujzFc9qrR4bZjGwWJIKw6",
    "objectName" : "m_load_bulk_orders",
    "objectType" : "DTEMPLATE",
    "path" : "/Explore/IDMC_TRAINING",
    "providerName" : null,
    "metadata" : {
      "modelVersion" : {
        "major" : 0,
        "minor" : 0
      },
      "repoInfo" : {
        "repoHandle" : "01DK0R1700000000000Q"
      },
      "objectRefs" : [ "fJYlv4dPuGJgKjHxtJY6sg" ],
      "contextAttributes" : [ {
        "name" : "id",
        "value" : "@1"
      } ],
      "additionalInfo" : {
        "description" : "",
        "contentType" : "JSON",
        "documentState" : "VALID"
      }
    }
  }, {
    "objectGuid" : "3UvWqTnFxrQfjPg0RfHbQF",
    "objectName" : "MY_MS4_TASK_ORDERS",
    "objectType" : "MTT",
    "path" : "/Explore/IDMC_TRAINING",
    "providerName" : null,
    "metadata" : {
      "modelVersion" : {
        "major" : 0,
        "minor" : 0
      },
      "repoInfo" : {
        "repoHandle" : "01DK0R0Z00000000000G"
      },
      "objectRefs" : [ "3NjC03LmWW4h5qqWkxeSKb", "iJN8a7ixXezhM7v7suCygV", "fJYlv4dPuGJgKjHxtJY6sg" ],
      "contextAttributes" : [ {
        "name" : "id",
        "value" : "@1"
      } ],
      "additionalInfo" : {
        "description" : null,
        "contentType" : "JSON",
        "documentState" : "VALID"
      }
    }
  }, {
    "objectGuid" : "2biX6M2vGUdhpvSN7ssMoN",
    "objectName" : "MappingTask1",
    "objectType" : "MTT",
    "path" : "/Explore/IDMC_TRAINING",
    "providerName" : null,
    "metadata" : {
      "modelVersion" : {
        "major" : 0,
        "minor" : 0
      },
      "repoInfo" : {
        "repoHandle" : "01DK0R0Z000000000015"
      },
      "objectRefs" : [ "a8YOxkegBEHdVQOF75mrGR", "3NjC03LmWW4h5qqWkxeSKb", "7OC7DQUaaUTjyX7l7LdXSB", "fJYlv4dPuGJgKjHxtJY6sg" ],
      "contextAttributes" : [ {
        "name" : "id",
        "value" : "@1"
      } ],
      "additionalInfo" : {
        "description" : null,
        "contentType" : "JSON",
        "documentState" : "VALID"
      }
    }
  }, {
    "objectGuid" : "8fS1h14s6GBjbXqxgQkDKv",
    "objectName" : "Mapping3",
    "objectType" : "DTEMPLATE",
    "path" : "/Explore/IDMC_TRAINING",
    "providerName" : null,
    "metadata" : {
      "modelVersion" : {
        "major" : 0,
        "minor" : 0
      },
      "repoInfo" : {
        "repoHandle" : "01DK0R1700000000000F"
      },
      "objectRefs" : [ "fJYlv4dPuGJgKjHxtJY6sg" ],
      "contextAttributes" : [ {
        "name" : "id",
        "value" : "@1"
      } ],
      "additionalInfo" : {
        "description" : "",
        "contentType" : "JSON",
        "documentState" : "INVALID"
      }
    }
  }, {
    "objectGuid" : "7Q0OTEs4EI0lyud9YE7JGJ",
    "objectName" : "WEE3COD_WITHCHECKLOOKUP",
    "objectType" : "DTEMPLATE",
    "path" : "/Explore/IDMC_TRAINING",
    "providerName" : null,
    "metadata" : {
      "modelVersion" : {
        "major" : 0,
        "minor" : 0
      },
      "repoInfo" : {
        "repoHandle" : "01DK0R1700000000000D"
      },
      "objectRefs" : [ "fJYlv4dPuGJgKjHxtJY6sg" ],
      "contextAttributes" : [ {
        "name" : "id",
        "value" : "@1"
      } ],
      "additionalInfo" : {
        "description" : "",
        "contentType" : "JSON",
        "documentState" : "INVALID"
      }
    }
  }, {
    "objectGuid" : "4qefCuXayBhhqZxcVFtmWu",
    "objectName" : "HelloWorld",
    "objectType" : "PROCESS",
    "path" : "/Explore/IDMC_TRAINING",
    "providerName" : null,
    "metadata" : {
      "modelVersion" : {
        "major" : 1,
        "minor" : 0
      },
      "repoInfo" : {
        "repoHandle" : "8Xi6w7zsZvEIAkR-gt-34418546-2026-01-21T09:34:31.963Z::pd.xml"
      },
      "objectRefs" : [ ],
      "contextAttributes" : null,
      "additionalInfo" : {
        "description" : "",
        "contentType" : "application/json; charset=utf-8",
        "documentState" : "VALID"
      }
    }
  }, {
    "objectGuid" : "9GS922j1XwJhk7t0HqoZqY",
    "objectName" : "Taskflow4",
    "objectType" : "TASKFLOW",
    "path" : "/Explore/IDMC_TRAINING",
    "providerName" : null,
    "metadata" : {
      "modelVersion" : {
        "major" : 1,
        "minor" : 0
      },
      "repoInfo" : {
        "repoHandle" : "ljqluQgabcjk91p-gt-107692169-2026-01-24T10:05:35.177Z::tf.xml"
      },
      "objectRefs" : [ "3W4wQz4lOEfhp6IuHfO0kX" ],
      "contextAttributes" : null,
      "additionalInfo" : {
        "description" : "",
        "contentType" : "application/json; charset=utf-8",
        "documentState" : "VALID"
      }
    }
  }, {
    "objectGuid" : "2g00vz25DNklfMnAW9wwGR",
    "objectName" : "m_dim_date_load",
    "objectType" : "DTEMPLATE",
    "path" : "/Explore/IDMC_TRAINING",
    "providerName" : null,
    "metadata" : {
      "modelVersion" : {
        "major" : 0,
        "minor" : 0
      },
      "repoInfo" : {
        "repoHandle" : "01DK0R1700000000001B"
      },
      "objectRefs" : [ "7OC7DQUaaUTjyX7l7LdXSB" ],
      "contextAttributes" : [ {
        "name" : "id",
        "value" : "@1"
      } ],
      "additionalInfo" : {
        "description" : "",
        "contentType" : "JSON",
        "documentState" : "VALID"
      }
    }
  }, {
    "objectGuid" : "fJYlv4dPuGJgKjHxtJY6sg",
    "objectName" : "FLATFILE_CON",
    "objectType" : "Connection",
    "path" : "/SYS",
    "providerName" : null,
    "metadata" : {
      "modelVersion" : {
        "major" : 0,
        "minor" : 0
      },
      "repoInfo" : {
        "repoHandle" : "01DK0R0B000000000002"
      },
      "objectRefs" : [ "3NjC03LmWW4h5qqWkxeSKb" ],
      "contextAttributes" : [ {
        "name" : "id",
        "value" : "@1"
      } ],
      "additionalInfo" : {
        "description" : "",
        "contentType" : "JSON",
        "documentState" : "COMPLETE"
      }
    }
  }, {
    "objectGuid" : "4E2wfW45uH4kHEuJV1vQ6e",
    "objectName" : "Mapping1",
    "objectType" : "DTEMPLATE",
    "path" : "/Explore/IDMC_TRAINING",
    "providerName" : null,
    "metadata" : {
      "modelVersion" : {
        "major" : 0,
        "minor" : 0
      },
      "repoInfo" : {
        "repoHandle" : "01DK0R17000000000008"
      },
      "objectRefs" : [ "fJYlv4dPuGJgKjHxtJY6sg" ],
      "contextAttributes" : [ {
        "name" : "id",
        "value" : "@1"
      } ],
      "additionalInfo" : {
        "description" : "",
        "contentType" : "JSON",
        "documentState" : "VALID"
      }
    }
  }, {
    "objectGuid" : "4QH0CauwE2VjhYns8sycSE",
    "objectName" : "M_handson_!",
    "objectType" : "DTEMPLATE",
    "path" : "/Explore/IDMC_TRAINING",
    "providerName" : null,
    "metadata" : {
      "modelVersion" : {
        "major" : 0,
        "minor" : 0
      },
      "repoInfo" : {
        "repoHandle" : "01DK0R1700000000000M"
      },
      "objectRefs" : [ "1vlshzdkRfHcj0TRY5Il6v", "7OC7DQUaaUTjyX7l7LdXSB" ],
      "contextAttributes" : [ {
        "name" : "id",
        "value" : "@1"
      } ],
      "additionalInfo" : {
        "description" : "",
        "contentType" : "JSON",
        "documentState" : "VALID"
      }
    }
  }, {
    "objectGuid" : "1vlshzdkRfHcj0TRY5Il6v",
    "objectName" : "ama_cn",
    "objectType" : "Connection",
    "path" : "/SYS",
    "providerName" : null,
    "metadata" : {
      "modelVersion" : {
        "major" : 0,
        "minor" : 0
      },
      "repoInfo" : {
        "repoHandle" : "01DK0R0B000000000006"
      },
      "objectRefs" : [ "3NjC03LmWW4h5qqWkxeSKb" ],
      "contextAttributes" : [ {
        "name" : "id",
        "value" : "@1"
      } ],
      "additionalInfo" : {
        "description" : null,
        "contentType" : "JSON",
        "documentState" : "COMPLETE"
      }
    }
  }, {
    "objectGuid" : "8cwVzFHQa4AjH0aZAreWiV",
    "objectName" : "MOCK1Q3",
    "objectType" : "DTEMPLATE",
    "path" : "/Explore/IDMC_TRAINING",
    "providerName" : null,
    "metadata" : {
      "modelVersion" : {
        "major" : 0,
        "minor" : 0
      },
      "repoInfo" : {
        "repoHandle" : "01DK0R1700000000000U"
      },
      "objectRefs" : [ "7OC7DQUaaUTjyX7l7LdXSB", "fJYlv4dPuGJgKjHxtJY6sg" ],
      "contextAttributes" : [ {
        "name" : "id",
        "value" : "@1"
      } ],
      "additionalInfo" : {
        "description" : "",
        "contentType" : "JSON",
        "documentState" : "VALID"
      }
    }
  }, {
    "objectGuid" : "1Dzu8NtQtUOk4InjtmpUOK",
    "objectName" : "M_DATE_DIM",
    "objectType" : "DTEMPLATE",
    "path" : "/Explore/IDMC_TRAINING",
    "providerName" : null,
    "metadata" : {
      "modelVersion" : {
        "major" : 0,
        "minor" : 0
      },
      "repoInfo" : {
        "repoHandle" : "01DK0R1700000000001L"
      },
      "objectRefs" : [ "7UgLcrxK81cfr4zsiY9jeP", "fJYlv4dPuGJgKjHxtJY6sg" ],
      "contextAttributes" : [ {
        "name" : "id",
        "value" : "@1"
      } ],
      "additionalInfo" : {
        "description" : "",
        "contentType" : "JSON",
        "documentState" : "VALID"
      }
    }
  }, {
    "objectGuid" : "7v51r91ddhdiByEjRVtbYa",
    "objectName" : "MYMOCKQ4MAP1",
    "objectType" : "DTEMPLATE",
    "path" : "/Explore/IDMC_TRAINING",
    "providerName" : null,
    "metadata" : {
      "modelVersion" : {
        "major" : 0,
        "minor" : 0
      },
      "repoInfo" : {
        "repoHandle" : "01DK0R1700000000000W"
      },
      "objectRefs" : [ "1vlshzdkRfHcj0TRY5Il6v", "7OC7DQUaaUTjyX7l7LdXSB" ],
      "contextAttributes" : [ {
        "name" : "id",
        "value" : "@1"
      } ],
      "additionalInfo" : {
        "description" : "",
        "contentType" : "JSON",
        "documentState" : "VALID"
      }
    }
  }, {
    "objectGuid" : "3vDqqYBM8ESbQXfvPPADcA",
    "objectName" : "m_dim_customer_scd2",
    "objectType" : "DTEMPLATE",
    "path" : "/Explore/IDMC_TRAINING",
    "providerName" : null,
    "metadata" : {
      "modelVersion" : {
        "major" : 0,
        "minor" : 0
      },
      "repoInfo" : {
        "repoHandle" : "01DK0R17000000000019"
      },
      "objectRefs" : [ "7OC7DQUaaUTjyX7l7LdXSB" ],
      "contextAttributes" : [ {
        "name" : "id",
        "value" : "@1"
      } ],
      "additionalInfo" : {
        "description" : "",
        "contentType" : "JSON",
        "documentState" : "INVALID"
      }
    }
  }, {
    "objectGuid" : "1I340TemyfSlovvVgDdFCV",
    "objectName" : "Process_CDI_MAPPING_TASK_INVOKE",
    "objectType" : "PROCESS",
    "path" : "/Explore/IDMC_TRAINING",
    "providerName" : null,
    "metadata" : {
      "modelVersion" : {
        "major" : 1,
        "minor" : 0
      },
      "repoInfo" : {
        "repoHandle" : "rxeLeG3vASaaaaa-gt-22519938-2026-01-21T09:48:37.289Z::pd.xml"
      },
      "objectRefs" : [ "0DLDn1JpQkIfbKHQYLQFUp" ],
      "contextAttributes" : null,
      "additionalInfo" : {
        "description" : "",
        "contentType" : "application/json; charset=utf-8",
        "documentState" : "VALID"
      }
    }
  }, {
    "objectGuid" : "6ot21oUDrOdg3n36HQTfe7",
    "objectName" : "M_employees_upsert",
    "objectType" : "DTEMPLATE",
    "path" : "/Explore/IDMC_TRAINING",
    "providerName" : null,
    "metadata" : {
      "modelVersion" : {
        "major" : 0,
        "minor" : 0
      },
      "repoInfo" : {
        "repoHandle" : "01DK0R1700000000000L"
      },
      "objectRefs" : [ "7tACDJewDlVfo6pe1XSbe3" ],
      "contextAttributes" : [ {
        "name" : "id",
        "value" : "@1"
      } ],
      "additionalInfo" : {
        "description" : "",
        "contentType" : "JSON",
        "documentState" : "VALID"
      }
    }
  }, {
    "objectGuid" : "f62RK4ZeoirivHG0IXAR8z",
    "objectName" : "MT_PRODUCTS_SCD2",
    "objectType" : "MTT",
    "path" : "/Explore/IDMC_TRAINING",
    "providerName" : null,
    "metadata" : {
      "modelVersion" : {
        "major" : 0,
        "minor" : 0
      },
      "repoInfo" : {
        "repoHandle" : "01DK0R0Z000000000007"
      },
      "objectRefs" : [ "7tACDJewDlVfo6pe1XSbe3", "3NjC03LmWW4h5qqWkxeSKb", "20mCqpAmrSsceR3oQCCncW" ],
      "contextAttributes" : [ {
        "name" : "id",
        "value" : "@1"
      } ],
      "additionalInfo" : {
        "description" : null,
        "contentType" : "JSON",
        "documentState" : "VALID"
      }
    }
  }, {
    "objectGuid" : "7tACDJewDlVfo6pe1XSbe3",
    "objectName" : "ORCL_CN",
    "objectType" : "Connection",
    "path" : "/SYS",
    "providerName" : null,
    "metadata" : {
      "modelVersion" : {
        "major" : 0,
        "minor" : 0
      },
      "repoInfo" : {
        "repoHandle" : "01DK0R0B000000000003"
      },
      "objectRefs" : [ "3NjC03LmWW4h5qqWkxeSKb" ],
      "contextAttributes" : [ {
        "name" : "id",
        "value" : "@1"
      } ],
      "additionalInfo" : {
        "description" : "",
        "contentType" : "JSON",
        "documentState" : "COMPLETE"
      }
    }
  }, {
    "objectGuid" : "20mCqpAmrSsceR3oQCCncW",
    "objectName" : "M_PRODUCTS_SCD2V",
    "objectType" : "DTEMPLATE",
    "path" : "/Explore/IDMC_TRAINING",
    "providerName" : null,
    "metadata" : {
      "modelVersion" : {
        "major" : 0,
        "minor" : 0
      },
      "repoInfo" : {
        "repoHandle" : "01DK0R1700000000000H"
      },
      "objectRefs" : [ "7tACDJewDlVfo6pe1XSbe3" ],
      "contextAttributes" : [ {
        "name" : "id",
        "value" : "@1"
      } ],
      "additionalInfo" : {
        "description" : "",
        "contentType" : "JSON",
        "documentState" : "VALID"
      }
    }
  }, {
    "objectGuid" : "8v1rTkmLpm5kXdOzfYQaaJ",
    "objectName" : "MS4Q3",
    "objectType" : "DTEMPLATE",
    "path" : "/Explore/IDMC_TRAINING",
    "providerName" : null,
    "metadata" : {
      "modelVersion" : {
        "major" : 0,
        "minor" : 0
      },
      "repoInfo" : {
        "repoHandle" : "01DK0R17000000000017"
      },
      "objectRefs" : [ "1vlshzdkRfHcj0TRY5Il6v", "7tACDJewDlVfo6pe1XSbe3", "fJYlv4dPuGJgKjHxtJY6sg" ],
      "contextAttributes" : [ {
        "name" : "id",
        "value" : "@1"
      } ],
      "additionalInfo" : {
        "description" : "",
        "contentType" : "JSON",
        "documentState" : "VALID"
      }
    }
  }, {
    "objectGuid" : "9BhzVmmFVEtbnQdOMLlNwj",
    "objectName" : "MOCK2Q1",
    "objectType" : "DTEMPLATE",
    "path" : "/Explore/IDMC_TRAINING",
    "providerName" : null,
    "metadata" : {
      "modelVersion" : {
        "major" : 0,
        "minor" : 0
      },
      "repoInfo" : {
        "repoHandle" : "01DK0R1700000000000Z"
      },
      "objectRefs" : [ "7OC7DQUaaUTjyX7l7LdXSB", "fJYlv4dPuGJgKjHxtJY6sg" ],
      "contextAttributes" : [ {
        "name" : "id",
        "value" : "@1"
      } ],
      "additionalInfo" : {
        "description" : "",
        "contentType" : "JSON",
        "documentState" : "VALID"
      }
    }
  }, {
    "objectGuid" : "8DjMRjlBcM0fPbm9CogPKi",
    "objectName" : "M_MS_EMPLOYEE_ORDERS",
    "objectType" : "DTEMPLATE",
    "path" : "/Explore/IDMC_TRAINING",
    "providerName" : null,
    "metadata" : {
      "modelVersion" : {
        "major" : 0,
        "minor" : 0
      },
      "repoInfo" : {
        "repoHandle" : "01DK0R1700000000000N"
      },
      "objectRefs" : [ "fJYlv4dPuGJgKjHxtJY6sg" ],
      "contextAttributes" : [ {
        "name" : "id",
        "value" : "@1"
      } ],
      "additionalInfo" : {
        "description" : "",
        "contentType" : "JSON",
        "documentState" : "VALID"
      }
    }
  }, {
    "objectGuid" : "7IRJWYeivJYb8ef1TzW8w4",
    "objectName" : "Ms4q4",
    "objectType" : "DTEMPLATE",
    "path" : "/Explore/IDMC_TRAINING",
    "providerName" : null,
    "metadata" : {
      "modelVersion" : {
        "major" : 0,
        "minor" : 0
      },
      "repoInfo" : {
        "repoHandle" : "01DK0R17000000000015"
      },
      "objectRefs" : [ "1vlshzdkRfHcj0TRY5Il6v", "7OC7DQUaaUTjyX7l7LdXSB", "fJYlv4dPuGJgKjHxtJY6sg" ],
      "contextAttributes" : [ {
        "name" : "id",
        "value" : "@1"
      } ],
      "additionalInfo" : {
        "description" : "",
        "contentType" : "JSON",
        "documentState" : "VALID"
      }
    }
  } ]
}