{
  "name" : "LOAD_DIM_STORE-1770268900307",
  "sourceOrgId" : "0zXHis7VWOIhOWHGBuBTqM",
  "sourceOrgName" : "LTIMindtree",
  "exportedObjects" : [ {
    "objectGuid" : "8Faf8pQSXbahqHeEIpGWs2",
    "objectName" : "SNOWFLAKE_CONN",
    "objectType" : "Connection",
    "path" : "/SYS",
    "providerName" : null,
    "metadata" : {
      "modelVersion" : {
        "major" : 0,
        "minor" : 0
      },
      "repoInfo" : {
        "repoHandle" : "01DJUM0B000000000005"
      },
      "objectRefs" : [ "7MCBomdSHO5dCDrJ8agf6z" ],
      "contextAttributes" : [ {
        "name" : "id",
        "value" : "@1"
      } ],
      "additionalInfo" : {
        "description" : null,
        "contentType" : "JSON",
        "documentState" : "COMPLETE"
      }
    }
  }, {
    "objectGuid" : "6x0eWOBgp4lbfQ2jb0rO2Q",
    "objectName" : "LOAD_DIM_STORE",
    "objectType" : "DTEMPLATE",
    "path" : "/Explore/milestone_prac",
    "providerName" : null,
    "metadata" : {
      "modelVersion" : {
        "major" : 0,
        "minor" : 0
      },
      "repoInfo" : {
        "repoHandle" : "01DJUM1700000000002I"
      },
      "objectRefs" : [ "8Faf8pQSXbahqHeEIpGWs2" ],
      "contextAttributes" : [ {
        "name" : "id",
        "value" : "@1"
      } ],
      "additionalInfo" : {
        "description" : "",
        "contentType" : "JSON",
        "documentState" : "VALID"
      }
    }
  }, {
    "objectGuid" : "7MCBomdSHO5dCDrJ8agf6z",
    "objectName" : "DESKTOP-0FU31RQ",
    "objectType" : "AgentGroup",
    "path" : "/SYS",
    "providerName" : null,
    "metadata" : {
      "modelVersion" : {
        "major" : 0,
        "minor" : 0
      },
      "repoInfo" : {
        "repoHandle" : "01DJUM25000000000002"
      },
      "objectRefs" : [ ],
      "contextAttributes" : [ {
        "name" : "id",
        "value" : "@1"
      } ],
      "additionalInfo" : {
        "description" : null,
        "contentType" : "JSON",
        "documentState" : "VALID"
      }
    }
  }, {
    "objectGuid" : "knatOwTS9YebX6wds0lEaH",
    "objectName" : "milestone_prac",
    "objectType" : "Project",
    "path" : "/Explore",
    "providerName" : null,
    "metadata" : {
      "modelVersion" : {
        "major" : 0,
        "minor" : 0
      },
      "repoInfo" : null,
      "objectRefs" : [ ],
      "contextAttributes" : [ ],
      "additionalInfo" : {
        "description" : "",
        "contentType" : "Binary",
        "documentState" : "COMPLETE"
      }
    }
  } ]
}