{
  "name" : "Mapping22-1770181541372",
  "sourceOrgId" : "0zXHis7VWOIhOWHGBuBTqM",
  "sourceOrgName" : "LTIMindtree",
  "exportedObjects" : [ {
    "objectGuid" : "8Faf8pQSXbahqHeEIpGWs2",
    "objectName" : "SNOWFLAKE_CONN",
    "objectType" : "Connection",
    "path" : "/SYS",
    "providerName" : null,
    "metadata" : {
      "modelVersion" : {
        "major" : 0,
        "minor" : 0
      },
      "repoInfo" : {
        "repoHandle" : "01DJUM0B000000000005"
      },
      "objectRefs" : [ "7MCBomdSHO5dCDrJ8agf6z" ],
      "contextAttributes" : [ {
        "name" : "id",
        "value" : "@1"
      } ],
      "additionalInfo" : {
        "description" : null,
        "contentType" : "JSON",
        "documentState" : "COMPLETE"
      }
    }
  }, {
    "objectGuid" : "8Azd3IcLCmNeEKmmbMtscU",
    "objectName" : "orcl_con",
    "objectType" : "Connection",
    "path" : "/SYS",
    "providerName" : null,
    "metadata" : {
      "modelVersion" : {
        "major" : 0,
        "minor" : 0
      },
      "repoInfo" : {
        "repoHandle" : "01DJUM0B000000000002"
      },
      "objectRefs" : [ "7MCBomdSHO5dCDrJ8agf6z" ],
      "contextAttributes" : [ {
        "name" : "id",
        "value" : "@1"
      } ],
      "additionalInfo" : {
        "description" : "",
        "contentType" : "JSON",
        "documentState" : "COMPLETE"
      }
    }
  }, {
    "objectGuid" : "7MCBomdSHO5dCDrJ8agf6z",
    "objectName" : "DESKTOP-0FU31RQ",
    "objectType" : "AgentGroup",
    "path" : "/SYS",
    "providerName" : null,
    "metadata" : {
      "modelVersion" : {
        "major" : 0,
        "minor" : 0
      },
      "repoInfo" : {
        "repoHandle" : "01DJUM25000000000002"
      },
      "objectRefs" : [ ],
      "contextAttributes" : [ {
        "name" : "id",
        "value" : "@1"
      } ],
      "additionalInfo" : {
        "description" : null,
        "contentType" : "JSON",
        "documentState" : "VALID"
      }
    }
  }, {
    "objectGuid" : "fp69YOdlzQBgmXLFioCjYS",
    "objectName" : "Mapping22",
    "objectType" : "DTEMPLATE",
    "path" : "/Explore/milestone_prac",
    "providerName" : null,
    "metadata" : {
      "modelVersion" : {
        "major" : 0,
        "minor" : 0
      },
      "repoInfo" : {
        "repoHandle" : "01DJUM1700000000002F"
      },
      "objectRefs" : [ "8Faf8pQSXbahqHeEIpGWs2", "8Azd3IcLCmNeEKmmbMtscU" ],
      "contextAttributes" : [ {
        "name" : "id",
        "value" : "@1"
      } ],
      "additionalInfo" : {
        "description" : "",
        "contentType" : "JSON",
        "documentState" : "VALID"
      }
    }
  }, {
    "objectGuid" : "knatOwTS9YebX6wds0lEaH",
    "objectName" : "milestone_prac",
    "objectType" : "Project",
    "path" : "/Explore",
    "providerName" : null,
    "metadata" : {
      "modelVersion" : {
        "major" : 0,
        "minor" : 0
      },
      "repoInfo" : null,
      "objectRefs" : [ ],
      "contextAttributes" : [ ],
      "additionalInfo" : {
        "description" : "",
        "contentType" : "Binary",
        "documentState" : "COMPLETE"
      }
    }
  } ]
}