{
  "name" : "SCD1-1770286563308",
  "sourceOrgId" : "hHOuoswFJgGktQMJ5zhb4B",
  "sourceOrgName" : "LTIMINDTREE",
  "exportedObjects" : [ {
    "objectGuid" : "4eCawRc9uE9dhPzHkxG1Wb",
    "objectName" : "IDMC_TRAINING",
    "objectType" : "Project",
    "path" : "/Explore",
    "providerName" : null,
    "metadata" : {
      "modelVersion" : {
        "major" : 0,
        "minor" : 0
      },
      "repoInfo" : null,
      "objectRefs" : [ ],
      "contextAttributes" : [ ],
      "additionalInfo" : {
        "description" : "",
        "contentType" : "Binary",
        "documentState" : "COMPLETE"
      }
    }
  }, {
    "objectGuid" : "a8YOxkegBEHdVQOF75mrGR",
    "objectName" : "SCD1",
    "objectType" : "DTEMPLATE",
    "path" : "/Explore/IDMC_TRAINING",
    "providerName" : null,
    "metadata" : {
      "modelVersion" : {
        "major" : 0,
        "minor" : 0
      },
      "repoInfo" : {
        "repoHandle" : "01DK0R1700000000001G"
      },
      "objectRefs" : [ "7OC7DQUaaUTjyX7l7LdXSB", "fJYlv4dPuGJgKjHxtJY6sg" ],
      "contextAttributes" : [ {
        "name" : "id",
        "value" : "@1"
      } ],
      "additionalInfo" : {
        "description" : "",
        "contentType" : "JSON",
        "documentState" : "VALID"
      }
    }
  }, {
    "objectGuid" : "3NjC03LmWW4h5qqWkxeSKb",
    "objectName" : "DESKTOP-0FU31RQ",
    "objectType" : "AgentGroup",
    "path" : "/SYS",
    "providerName" : null,
    "metadata" : {
      "modelVersion" : {
        "major" : 0,
        "minor" : 0
      },
      "repoInfo" : {
        "repoHandle" : "01DK0R2500000000005M"
      },
      "objectRefs" : [ ],
      "contextAttributes" : [ {
        "name" : "id",
        "value" : "@1"
      } ],
      "additionalInfo" : {
        "description" : null,
        "contentType" : "JSON",
        "documentState" : "VALID"
      }
    }
  }, {
    "objectGuid" : "7OC7DQUaaUTjyX7l7LdXSB",
    "objectName" : "snow_cn",
    "objectType" : "Connection",
    "path" : "/SYS",
    "providerName" : null,
    "metadata" : {
      "modelVersion" : {
        "major" : 0,
        "minor" : 0
      },
      "repoInfo" : {
        "repoHandle" : "01DK0R0B000000000004"
      },
      "objectRefs" : [ "3NjC03LmWW4h5qqWkxeSKb" ],
      "contextAttributes" : [ {
        "name" : "id",
        "value" : "@1"
      } ],
      "additionalInfo" : {
        "description" : null,
        "contentType" : "JSON",
        "documentState" : "COMPLETE"
      }
    }
  }, {
    "objectGuid" : "fJYlv4dPuGJgKjHxtJY6sg",
    "objectName" : "FLATFILE_CON",
    "objectType" : "Connection",
    "path" : "/SYS",
    "providerName" : null,
    "metadata" : {
      "modelVersion" : {
        "major" : 0,
        "minor" : 0
      },
      "repoInfo" : {
        "repoHandle" : "01DK0R0B000000000002"
      },
      "objectRefs" : [ "3NjC03LmWW4h5qqWkxeSKb" ],
      "contextAttributes" : [ {
        "name" : "id",
        "value" : "@1"
      } ],
      "additionalInfo" : {
        "description" : "",
        "contentType" : "JSON",
        "documentState" : "COMPLETE"
      }
    }
  } ]
}