<aetgt:getResponse xmlns:aetgt="http://schemas.active-endpoints.com/appmodules/repository/2010/10/avrepository.xsd"
                   xmlns:types1="http://schemas.active-endpoints.com/appmodules/repository/2010/10/avrepository.xsd">
   <types1:Item>
      <types1:EntryId>8Xi6w7zsZvEIAkR-gt-34418546-2026-01-21T09:34:31.963Z::pd.xml</types1:EntryId>
      <types1:Name>HelloWorld</types1:Name>
      <types1:MimeType>application/xml+process</types1:MimeType>
      <types1:Description/>
      <types1:AppliesTo/>
      <types1:Tags/>
      <types1:VersionLabel>1.0</types1:VersionLabel>
      <types1:State>CURRENT</types1:State>
      <types1:ProcessGroup/>
      <types1:CreatedBy>RAUNAKRAJ786</types1:CreatedBy>
      <types1:CreationDate>2026-01-21T09:34:32Z</types1:CreationDate>
      <types1:ModifiedBy/>
      <types1:PublicationStatus>published</types1:PublicationStatus>
      <types1:PublishedBy>RAUNAKRAJ786</types1:PublishedBy>
      <types1:PublicationDate>2026-01-21T09:34:49Z</types1:PublicationDate>
      <types1:PublishedContributionId>project:/spi.HelloWorld/HelloWorld.pd.xml</types1:PublishedContributionId>
      <types1:Entry>
         <process xmlns="http://schemas.active-endpoints.com/appmodules/screenflow/2010/10/avosScreenflow.xsd"
                  xmlns:tfm="http://schemas.active-endpoints.com/appmodules/screenflow/2021/04/taskflowModel.xsd"
                  xmlns:list="urn:activevos:spi:list:functions"
                  GUID="4qefCuXayBhhqZxcVFtmWu"
                  displayName="HelloWorld"
                  name="HelloWorld"
                  overrideAPIName="false">
            <parameterSet xmlns="http://schemas.active-endpoints.com/appmodules/screenflow/2021/04/taskflowModel.xsd"/>
            <appliesTo/>
            <description/>
            <tags/>
            <generator>Informatica Process Designer 11</generator>
            <input>
               <parameter description="" name="Input" required="false" type="string">
                  <options>
                     <option name="required">false</option>
                  </options>
               </parameter>
            </input>
            <output>
               <field description="" name="Ouput" type="string">
                  <options>
                     <option name="required">false</option>
                  </options>
               </field>
            </output>
            <notes/>
            <deployment skipIfRunning="false" suspendOnFault="false" tracingLevel="verbose">
               <rest>
                  <allowAnonymousAccess/>
               </rest>
            </deployment>
            <extData>
               <nvpair name="treatEmptyStringAsNotNull">false</nvpair>
               <nvpair name="treatEmptyStringAsNull">true</nvpair>
               <nvpair name="treatEmptyObjectListAsArray">true</nvpair>
               <nvpair name="treatEmptyObjectListAsNotArray">false</nvpair>
            </extData>
            <flow id="r7b4577db-7d0a-446a-b7b7-3ea6fb0ef745">
               <start id="eec33f2a1-7067-4cd5-b649-711ebc21a6cc">
                  <link id="jad7a5ab3-94ec-43a5-8df5-608f1ab1fe63"
                        targetId="Assignmentefab0d4b-dd42-44cf-8116-44faf424b20e"/>
               </start>
               <assignment id="Assignmentefab0d4b-dd42-44cf-8116-44faf424b20e">
                  <title>Assign_Input_value_Output</title>
                  <operation source="formula" to="output.Ouput">
                     <expression language="XQuery">'Hello'|| $input.Input</expression>
                  </operation>
                  <link id="iedbea248-0acb-41bc-a770-c889e4f9b8a1"
                        targetId="end-pc558baa7-bf1f-4c4d-9e43-b2c3521ffc88"/>
               </assignment>
               <end id="end-pc558baa7-bf1f-4c4d-9e43-b2c3521ffc88">
                  <title>End</title>
               </end>
            </flow>
         </process>
         <ns1:sample-data-sets xmlns:ns1="http://schemas.active-endpoints.com/appmodules/repository/2010/10/sampleData.xsd">
            <ns1:SampleData>
               <ns1:Id>a604b796-e858-4085-a270-5429c6de8854</ns1:Id>
               <ns1:Name>bb</ns1:Name>
               <ns1:CreatedBy>RAUNAKRAJ786</ns1:CreatedBy>
               <ns1:CreationDate>2026-01-21T09:36:17Z</ns1:CreationDate>
               <ns1:ModifiedBy>RAUNAKRAJ786</ns1:ModifiedBy>
               <ns1:ModificationDate>2026-01-21T09:36:17Z</ns1:ModificationDate>
               <ns1:Data format="json">{
    "Input": ""
}</ns1:Data>
            </ns1:SampleData>
            <ns1:SampleData>
               <ns1:Id>4ed594fd-4350-415e-b4e0-8da5a81bfde9</ns1:Id>
               <ns1:Name>hr</ns1:Name>
               <ns1:CreatedBy>RAUNAKRAJ786</ns1:CreatedBy>
               <ns1:CreationDate>2026-01-21T09:35:44Z</ns1:CreationDate>
               <ns1:ModifiedBy>RAUNAKRAJ786</ns1:ModifiedBy>
               <ns1:ModificationDate>2026-01-21T09:35:44Z</ns1:ModificationDate>
               <ns1:Data format="json">{
    "Input": ""
}</ns1:Data>
            </ns1:SampleData>
         </ns1:sample-data-sets>
      </types1:Entry>
      <types1:GUID>4qefCuXayBhhqZxcVFtmWu</types1:GUID>
      <types1:DisplayName>HelloWorld</types1:DisplayName>
   </types1:Item>
   <types1:CurrentServerDateTime>2026-02-07T17:00:23.726Z</types1:CurrentServerDateTime>
</aetgt:getResponse>
