<aetgt:getResponse xmlns:aetgt="http://schemas.active-endpoints.com/appmodules/repository/2010/10/avrepository.xsd"
                   xmlns:types1="http://schemas.active-endpoints.com/appmodules/repository/2010/10/avrepository.xsd">
   <types1:Item>
      <types1:EntryId>cm3rp3yD7tyGoQw-gt-96725033-2026-01-22T19:47:15.044Z::tf.xml</types1:EntryId>
      <types1:Name>LINEAR_TASKFLOW_MOCK1</types1:Name>
      <types1:MimeType>application/xml+taskflow</types1:MimeType>
      <types1:Description/>
      <types1:AppliesTo/>
      <types1:Tags/>
      <types1:VersionLabel>1.0</types1:VersionLabel>
      <types1:State>CURRENT</types1:State>
      <types1:ProcessGroup/>
      <types1:CreatedBy>RAUNAKRAJ786</types1:CreatedBy>
      <types1:CreationDate>2026-01-22T19:47:15Z</types1:CreationDate>
      <types1:ModifiedBy/>
      <types1:PublicationStatus>published</types1:PublicationStatus>
      <types1:PublishedBy>RAUNAKRAJ786</types1:PublishedBy>
      <types1:PublicationDate>2026-01-22T19:47:20Z</types1:PublicationDate>
      <types1:PublishedContributionId>project:/tf.LINEAR_TASKFLOW_MOCK1/LINEAR_TASKFLOW_MOCK1.tf.xml</types1:PublishedContributionId>
      <types1:Entry>
         <taskflow xmlns="http://schemas.active-endpoints.com/appmodules/screenflow/2010/10/avosScreenflow.xsd"
                   xmlns:tfm="http://schemas.active-endpoints.com/appmodules/screenflow/2021/04/taskflowModel.xsd"
                   xmlns:list="urn:activevos:spi:list:functions"
                   displayName="LINEAR_TASKFLOW_MOCK1"
                   name="LINEAR_TASKFLOW_MOCK1"
                   overrideAPIName="false">
            <parameterSet xmlns="http://schemas.active-endpoints.com/appmodules/screenflow/2021/04/taskflowModel.xsd"/>
            <appliesTo/>
            <description/>
            <tags/>
            <generator>Informatica Process Designer 11</generator>
            <tempFields>
               <field description="" name="Data Task 1" type="reference">
                  <options>
                     <option name="failOnNotRun">false</option>
                     <option name="failOnFault">false</option>
                     <option name="referenceTo">$po:MYMOCKQ4TASK1-gcwvyrEwKYViFAxOxOFbkq</option>
                  </options>
               </field>
               <field description="" name="Data Task 2" type="reference">
                  <options>
                     <option name="failOnNotRun">false</option>
                     <option name="failOnFault">false</option>
                     <option name="referenceTo">$po:MYTMOCK1Q4TASKFLOW2-l1uVLVOwVW5iceygNvr5ei</option>
                  </options>
               </field>
            </tempFields>
            <notes/>
            <deployment skipIfRunning="false" suspendOnFault="false" tracingLevel="verbose">
               <rest>
                  <allowedUsers>
                     <user>RAUNAKRAJ786</user>
                  </allowedUsers>
               </rest>
            </deployment>
            <extData>
               <nvpair name="treatEmptyStringAsNotNull">false</nvpair>
               <nvpair name="treatEmptyObjectListAsArray">false</nvpair>
            </extData>
            <flow id="a">
               <start id="b">
                  <link id="mkpuzqye" targetId="mkpuzqzo"/>
               </start>
               <eventContainer id="mkpuzqzo">
                  <service id="mkpuzqyd">
                     <title>Data Task 1</title>
                     <serviceName>ICSExecuteDataTask</serviceName>
                     <serviceGUID/>
                     <serviceInput>
                        <parameter name="Wait for Task to Complete" source="constant" updatable="true">true</parameter>
                        <parameter name="Max Wait" source="constant" updatable="true">604800</parameter>
                        <parameter name="Task Name" source="constant" updatable="true">MYMOCKQ4TASK1</parameter>
                        <parameter name="GUID" source="constant" updatable="true">gcwvyrEwKYViFAxOxOFbkq</parameter>
                        <parameter name="Task Type" source="constant" updatable="true">MCT</parameter>
                        <parameter name="Has Inout Parameters" source="constant" updatable="true">false</parameter>
                        <parameter name="taskField" source="nested">
                           <operation source="field" to="MYMOCKQ4TASK1-gcwvyrEwKYViFAxOxOFbkq">temp.Data Task 1</operation>
                        </parameter>
                     </serviceInput>
                     <serviceOutput>
                        <operation source="field" to="temp.Data Task 1/output/Object_Name">Object Name</operation>
                        <operation source="field" to="temp.Data Task 1/output/Run_Id">Run Id</operation>
                        <operation source="field" to="temp.Data Task 1/output/Log_Id">Log Id</operation>
                        <operation source="field" to="temp.Data Task 1/output/Task_Id">Task Id</operation>
                        <operation source="field" to="temp.Data Task 1/output/Task_Status">Task Status</operation>
                        <operation source="field" to="temp.Data Task 1/output/Success_Source_Rows">Success Source Rows</operation>
                        <operation source="field" to="temp.Data Task 1/output/Failed_Source_Rows">Failed Source Rows</operation>
                        <operation source="field" to="temp.Data Task 1/output/Success_Target_Rows">Success Target Rows</operation>
                        <operation source="field" to="temp.Data Task 1/output/Failed_Target_Rows">Failed Target Rows</operation>
                        <operation source="field" to="temp.Data Task 1/output/Start_Time">Start Time</operation>
                        <operation source="field" to="temp.Data Task 1/output/End_Time">End Time</operation>
                        <operation source="field" to="temp.Data Task 1/output/Error_Message">Error Message</operation>
                        <operation source="field" to="temp.Data Task 1/output/TotalTransErrors">Total Transformation Errors</operation>
                        <operation source="field" to="temp.Data Task 1/output/FirstErrorCode">First Error Code</operation>
                     </serviceOutput>
                  </service>
                  <link id="mkpuzqyk" targetId="mkpuzqyj"/>
                  <events>
                     <catch faultField="temp.Data Task 1/fault"
                            id="mkpuzqzm"
                            interrupting="true"
                            name="error">
                        <suspend/>
                     </catch>
                     <catch faultField="temp.Data Task 1/fault"
                            id="mkpuzqzn"
                            interrupting="true"
                            name="warning"/>
                  </events>
               </eventContainer>
               <container id="mkpuzqyj" type="exclusive">
                  <title>Decision 1</title>
                  <flow id="mkpuzqyn">
                     <eventContainer id="mkpuzr0s">
                        <service id="mkpuzqz1">
                           <title>Data Task 2</title>
                           <serviceName>ICSExecuteDataTask</serviceName>
                           <serviceGUID/>
                           <serviceInput>
                              <parameter name="Wait for Task to Complete" source="constant" updatable="true">true</parameter>
                              <parameter name="Max Wait" source="constant" updatable="true">604800</parameter>
                              <parameter name="Task Name" source="constant" updatable="true">MYTMOCK1Q4TASKFLOW2</parameter>
                              <parameter name="GUID" source="constant" updatable="true">l1uVLVOwVW5iceygNvr5ei</parameter>
                              <parameter name="Task Type" source="constant" updatable="true">MCT</parameter>
                              <parameter name="Has Inout Parameters" source="constant" updatable="true">false</parameter>
                              <parameter name="taskField" source="nested">
                                 <operation source="field" to="MYTMOCK1Q4TASKFLOW2-l1uVLVOwVW5iceygNvr5ei">temp.Data Task 2</operation>
                              </parameter>
                           </serviceInput>
                           <serviceOutput>
                              <operation source="field" to="temp.Data Task 2/output/Object_Name">Object Name</operation>
                              <operation source="field" to="temp.Data Task 2/output/Run_Id">Run Id</operation>
                              <operation source="field" to="temp.Data Task 2/output/Log_Id">Log Id</operation>
                              <operation source="field" to="temp.Data Task 2/output/Task_Id">Task Id</operation>
                              <operation source="field" to="temp.Data Task 2/output/Task_Status">Task Status</operation>
                              <operation source="field" to="temp.Data Task 2/output/Success_Source_Rows">Success Source Rows</operation>
                              <operation source="field" to="temp.Data Task 2/output/Failed_Source_Rows">Failed Source Rows</operation>
                              <operation source="field" to="temp.Data Task 2/output/Success_Target_Rows">Success Target Rows</operation>
                              <operation source="field" to="temp.Data Task 2/output/Failed_Target_Rows">Failed Target Rows</operation>
                              <operation source="field" to="temp.Data Task 2/output/Start_Time">Start Time</operation>
                              <operation source="field" to="temp.Data Task 2/output/End_Time">End Time</operation>
                              <operation source="field" to="temp.Data Task 2/output/Error_Message">Error Message</operation>
                              <operation source="field" to="temp.Data Task 2/output/TotalTransErrors">Total Transformation Errors</operation>
                              <operation source="field" to="temp.Data Task 2/output/FirstErrorCode">First Error Code</operation>
                           </serviceOutput>
                        </service>
                        <events>
                           <catch faultField="temp.Data Task 2/fault"
                                  id="mkpuzr0q"
                                  interrupting="true"
                                  name="error">
                              <suspend/>
                           </catch>
                           <catch faultField="temp.Data Task 2/fault"
                                  id="mkpuzr0r"
                                  interrupting="true"
                                  name="warning"/>
                        </events>
                     </eventContainer>
                     <link id="mkpuzqyo" targetId="mkpuzqyj" type="containerLink"/>
                  </flow>
                  <flow id="mkpuzqyq">
                     <end id="mkpuzqyx">
                        <title>End 1</title>
                     </end>
                  </flow>
                  <link id="mkpuzqym" targetId="mkpuzqyn" type="containerLink">
                     <condition source="formula">
                        <function name="contains">
                           <arg name="left">{$temp.DataTask1[1]/output[1]/Task_Status}</arg>
                           <arg name="right">1</arg>
                        </function>
                     </condition>
                  </link>
                  <link id="mkpuzqyp" targetId="mkpuzqyq" type="containerLink"/>
                  <link id="mkpuzqyl" targetId="c"/>
               </container>
               <end id="c"/>
            </flow>
            <dependencies>
               <processObject xmlns="http://schemas.active-endpoints.com/appmodules/screenflow/2011/06/avosHostEnvironment.xsd"
                              displayName="MYMOCKQ4TASK1-gcwvyrEwKYViFAxOxOFbkq"
                              isByCopy="true"
                              name="MYMOCKQ4TASK1-gcwvyrEwKYViFAxOxOFbkq">
                  <description/>
                  <tags/>
                  <detail>
                     <field label="TaskProperties Parameters"
                            name="taskProperties"
                            nullable="true"
                            required="false"
                            type="reference"/>
                     <field label="Output Parameters"
                            name="output"
                            nullable="true"
                            required="false"
                            type="reference"/>
                     <field label="Fault"
                            name="fault"
                            nullable="true"
                            required="false"
                            type="reference"/>
                     <field label="Max Wait (Seconds)"
                            name="Max_Wait"
                            nullable="true"
                            required="false"
                            type="int"/>
                  </detail>
               </processObject>
               <processObject xmlns="http://schemas.active-endpoints.com/appmodules/screenflow/2011/06/avosHostEnvironment.xsd"
                              displayName="MYTMOCK1Q4TASKFLOW2-l1uVLVOwVW5iceygNvr5ei"
                              isByCopy="true"
                              name="MYTMOCK1Q4TASKFLOW2-l1uVLVOwVW5iceygNvr5ei">
                  <description/>
                  <tags/>
                  <detail>
                     <field label="TaskProperties Parameters"
                            name="taskProperties"
                            nullable="true"
                            required="false"
                            type="reference"/>
                     <field label="Output Parameters"
                            name="output"
                            nullable="true"
                            required="false"
                            type="reference"/>
                     <field label="Fault"
                            name="fault"
                            nullable="true"
                            required="false"
                            type="reference"/>
                     <field label="Max Wait (Seconds)"
                            name="Max_Wait"
                            nullable="true"
                            required="false"
                            type="int"/>
                  </detail>
               </processObject>
            </dependencies>
         </taskflow>
      </types1:Entry>
      <types1:GUID>3ifPjuMPfWIcSG6OlSFTAY</types1:GUID>
      <types1:DisplayName>LINEAR_TASKFLOW_MOCK1</types1:DisplayName>
   </types1:Item>
   <types1:CurrentServerDateTime>2026-02-07T17:00:32.495Z</types1:CurrentServerDateTime>
</aetgt:getResponse>
