<aetgt:getResponse xmlns:aetgt="http://schemas.active-endpoints.com/appmodules/repository/2010/10/avrepository.xsd"
                   xmlns:types1="http://schemas.active-endpoints.com/appmodules/repository/2010/10/avrepository.xsd">
   <types1:Item>
      <types1:EntryId>9GUkdypKwKBqRi9-gt-106390768-2026-01-21T09:23:17.972Z::tf.xml</types1:EntryId>
      <types1:Name>MY_TASKFLOW_MS4</types1:Name>
      <types1:MimeType>application/xml+taskflow</types1:MimeType>
      <types1:Description/>
      <types1:AppliesTo/>
      <types1:Tags/>
      <types1:VersionLabel>1.0</types1:VersionLabel>
      <types1:State>CURRENT</types1:State>
      <types1:ProcessGroup/>
      <types1:CreatedBy>RAUNAKRAJ786</types1:CreatedBy>
      <types1:CreationDate>2026-01-21T09:23:18Z</types1:CreationDate>
      <types1:ModifiedBy>RAUNAKRAJ786</types1:ModifiedBy>
      <types1:ModificationDate>2026-01-21T18:10:29Z</types1:ModificationDate>
      <types1:PublicationStatus>out-of-date</types1:PublicationStatus>
      <types1:PublishedBy>RAUNAKRAJ786</types1:PublishedBy>
      <types1:PublicationDate>2026-01-21T11:39:13Z</types1:PublicationDate>
      <types1:PublishedContributionId>project:/tf.MY_TASKFLOW_MS4/MY_TASKFLOW_MS4.tf.xml</types1:PublishedContributionId>
      <types1:Entry>
         <taskflow xmlns="http://schemas.active-endpoints.com/appmodules/screenflow/2010/10/avosScreenflow.xsd"
                   xmlns:tfm="http://schemas.active-endpoints.com/appmodules/screenflow/2021/04/taskflowModel.xsd"
                   xmlns:list="urn:activevos:spi:list:functions"
                   displayName="MY_TASKFLOW_MS4"
                   name="MY_TASKFLOW_MS4"
                   overrideAPIName="false">
            <parameterSet xmlns="http://schemas.active-endpoints.com/appmodules/screenflow/2021/04/taskflowModel.xsd"/>
            <appliesTo/>
            <description/>
            <tags/>
            <generator>Informatica Process Designer 11</generator>
            <input>
               <parameter description="" name="STATUS" type="string">
                  <options>
                     <option name="required">false</option>
                  </options>
               </parameter>
            </input>
            <tempFields>
               <field description="" name="Data Task 1" type="reference">
                  <options>
                     <option name="referenceTo">$po:MY-MS4-TASK-EMPLOYEE-btho44Hf8isbLVG9M53psh</option>
                  </options>
               </field>
               <field description="" name="Data Task 2" type="reference">
                  <options>
                     <option name="referenceTo">$po:MY-MS4-TASK-ORDERS-3UvWqTnFxrQfjPg0RfHbQF</option>
                  </options>
               </field>
            </tempFields>
            <notes/>
            <deployment skipIfRunning="false" suspendOnFault="false" tracingLevel="verbose">
               <rest>
                  <allowedUsers>
                     <user>RAUNAKRAJ786</user>
                  </allowedUsers>
               </rest>
            </deployment>
            <extData>
               <nvpair name="treatEmptyStringAsNotNull">false</nvpair>
               <nvpair name="treatEmptyObjectListAsArray">false</nvpair>
            </extData>
            <flow id="a">
               <start id="b">
                  <link id="j3wg4fhg" targetId="j3wg4fhf"/>
               </start>
               <container id="j3wg4fhf" type="parallel">
                  <title>Parallel Paths 1</title>
                  <flow id="j3wg4fhj">
                     <eventContainer id="mkntcoor">
                        <service id="j3wg4fhu">
                           <title>Data Task 1</title>
                           <serviceName>ICSExecuteDataTask</serviceName>
                           <serviceGUID/>
                           <serviceInput>
                              <parameter name="Wait for Task to Complete" source="constant" updatable="true">true</parameter>
                              <parameter name="Max Wait" source="constant" updatable="true">604800</parameter>
                              <parameter name="Task Name" source="constant" updatable="true">MY_MS4_TASK_EMPLOYEE</parameter>
                              <parameter name="GUID" source="constant" updatable="true">btho44Hf8isbLVG9M53psh</parameter>
                              <parameter name="Task Type" source="constant" updatable="true">MCT</parameter>
                              <parameter name="Has Inout Parameters" source="constant" updatable="true">false</parameter>
                              <parameter name="taskField" source="nested">
                                 <operation source="field" to="MY-MS4-TASK-EMPLOYEE-btho44Hf8isbLVG9M53psh">temp.Data Task 1</operation>
                              </parameter>
                           </serviceInput>
                           <serviceOutput>
                              <operation source="field" to="temp.Data Task 1/output/Object_Name">Object Name</operation>
                              <operation source="field" to="temp.Data Task 1/output/Run_Id">Run Id</operation>
                              <operation source="field" to="temp.Data Task 1/output/Log_Id">Log Id</operation>
                              <operation source="field" to="temp.Data Task 1/output/Task_Id">Task Id</operation>
                              <operation source="field" to="temp.Data Task 1/output/Task_Status">Task Status</operation>
                              <operation source="field" to="temp.Data Task 1/output/Success_Source_Rows">Success Source Rows</operation>
                              <operation source="field" to="temp.Data Task 1/output/Failed_Source_Rows">Failed Source Rows</operation>
                              <operation source="field" to="temp.Data Task 1/output/Success_Target_Rows">Success Target Rows</operation>
                              <operation source="field" to="temp.Data Task 1/output/Failed_Target_Rows">Failed Target Rows</operation>
                              <operation source="field" to="temp.Data Task 1/output/Start_Time">Start Time</operation>
                              <operation source="field" to="temp.Data Task 1/output/End_Time">End Time</operation>
                              <operation source="field" to="temp.Data Task 1/output/Error_Message">Error Message</operation>
                              <operation source="field" to="temp.Data Task 1/output/TotalTransErrors">Total Transformation Errors</operation>
                              <operation source="field" to="temp.Data Task 1/output/FirstErrorCode">First Error Code</operation>
                           </serviceOutput>
                        </service>
                        <events>
                           <catch faultField="temp.Data Task 1/fault"
                                  id="mkntcoop"
                                  interrupting="true"
                                  name="error">
                              <suspend/>
                           </catch>
                           <catch faultField="temp.Data Task 1/fault"
                                  id="mkntcooq"
                                  interrupting="true"
                                  name="warning"/>
                        </events>
                     </eventContainer>
                     <link id="j3wg4fhk" targetId="j3wg4fhf" type="containerLink"/>
                  </flow>
                  <flow id="j3wg4fhm">
                     <eventContainer id="mknxf1v5">
                        <service id="j3wg4fi4">
                           <title>Data Task 2</title>
                           <serviceName>ICSExecuteDataTask</serviceName>
                           <serviceGUID/>
                           <serviceInput>
                              <parameter name="Wait for Task to Complete" source="constant" updatable="true">true</parameter>
                              <parameter name="Max Wait" source="constant" updatable="true">604800</parameter>
                              <parameter name="Task Name" source="constant" updatable="true">MY_MS4_TASK_ORDERS</parameter>
                              <parameter name="GUID" source="constant" updatable="true">3UvWqTnFxrQfjPg0RfHbQF</parameter>
                              <parameter name="Task Type" source="constant" updatable="true">MCT</parameter>
                              <parameter name="Has Inout Parameters" source="constant" updatable="true">false</parameter>
                              <parameter name="taskField" source="nested">
                                 <operation source="field" to="MY-MS4-TASK-ORDERS-3UvWqTnFxrQfjPg0RfHbQF">temp.Data Task 2</operation>
                              </parameter>
                           </serviceInput>
                           <serviceOutput>
                              <operation source="field" to="temp.Data Task 2/output/Object_Name">Object Name</operation>
                              <operation source="field" to="temp.Data Task 2/output/Run_Id">Run Id</operation>
                              <operation source="field" to="temp.Data Task 2/output/Log_Id">Log Id</operation>
                              <operation source="field" to="temp.Data Task 2/output/Task_Id">Task Id</operation>
                              <operation source="field" to="temp.Data Task 2/output/Task_Status">Task Status</operation>
                              <operation source="field" to="temp.Data Task 2/output/Success_Source_Rows">Success Source Rows</operation>
                              <operation source="field" to="temp.Data Task 2/output/Failed_Source_Rows">Failed Source Rows</operation>
                              <operation source="field" to="temp.Data Task 2/output/Success_Target_Rows">Success Target Rows</operation>
                              <operation source="field" to="temp.Data Task 2/output/Failed_Target_Rows">Failed Target Rows</operation>
                              <operation source="field" to="temp.Data Task 2/output/Start_Time">Start Time</operation>
                              <operation source="field" to="temp.Data Task 2/output/End_Time">End Time</operation>
                              <operation source="field" to="temp.Data Task 2/output/Error_Message">Error Message</operation>
                              <operation source="field" to="temp.Data Task 2/output/TotalTransErrors">Total Transformation Errors</operation>
                              <operation source="field" to="temp.Data Task 2/output/FirstErrorCode">First Error Code</operation>
                           </serviceOutput>
                        </service>
                        <events>
                           <catch faultField="temp.Data Task 2/fault"
                                  id="mknxf1v3"
                                  interrupting="true"
                                  name="error">
                              <suspend/>
                           </catch>
                           <catch faultField="temp.Data Task 2/fault"
                                  id="mknxf1v4"
                                  interrupting="true"
                                  name="warning"/>
                        </events>
                     </eventContainer>
                     <link id="j3wg4fhn" targetId="j3wg4fhf" type="containerLink"/>
                  </flow>
                  <link id="j3wg4fhi" targetId="j3wg4fhj" type="containerLink"/>
                  <link id="j3wg4fhl" targetId="j3wg4fhm" type="containerLink"/>
                  <link id="mknxf1xc" targetId="mknxf1xb"/>
               </container>
               <container id="mknxf1xi" type="exclusive">
                  <title>Decision</title>
                  <flow id="mknxf1xm">
                     <eventContainer id="mknxf214">
                        <service id="mknxf1y0">
                           <title>Notification Task 1</title>
                           <serviceName>emailNotificationService</serviceName>
                           <serviceGUID/>
                           <serviceInput>
                              <parameter name="Email To" source="constant">hemajha24@gmail.com</parameter>
                              <parameter name="Email Cc" source="constant"/>
                              <parameter name="Email Bcc" source="constant"/>
                              <parameter name="Email Subject" source="constant"/>
                              <parameter name="Email Content Type" source="constant">text</parameter>
                              <parameter name="Email Body" source="constant"> &lt;p&gt;success&lt;/p&gt; </parameter>
                           </serviceInput>
                           <serviceOutput/>
                        </service>
                        <events>
                           <catch faultField="temp.dummyTF5895/fault"
                                  id="mknxf1xx"
                                  interrupting="true"
                                  name="warning"/>
                        </events>
                     </eventContainer>
                     <link id="mknxf1xn" targetId="mknxf1xi" type="containerLink"/>
                  </flow>
                  <flow id="mknxf1xp">
                     <eventContainer id="mknxf21r">
                        <service id="mknxf1yj">
                           <title>Notification Task 2</title>
                           <serviceName>emailNotificationService</serviceName>
                           <serviceGUID/>
                           <serviceInput>
                              <parameter name="Email To" source="constant">hemajha24@gmail.com</parameter>
                              <parameter name="Email Cc" source="constant"/>
                              <parameter name="Email Bcc" source="constant"/>
                              <parameter name="Email Subject" source="constant"/>
                              <parameter name="Email Content Type" source="constant">text</parameter>
                              <parameter name="Email Body" source="constant"> &lt;p&gt;failure&lt;/p&gt; </parameter>
                           </serviceInput>
                           <serviceOutput/>
                        </service>
                        <link id="mknxf227" targetId="mknxf226"/>
                        <events>
                           <catch faultField="temp.dummyTF5895/fault"
                                  id="mknxf1yg"
                                  interrupting="true"
                                  name="warning"/>
                        </events>
                     </eventContainer>
                     <end id="mknxf226">
                        <title>End 1</title>
                     </end>
                  </flow>
                  <link id="mknxf1xl" targetId="mknxf1xm" type="containerLink">
                     <condition source="formula">
                        <function name="contains">
                           <arg name="left">{$input.STATUS}</arg>
                           <arg name="right">T</arg>
                        </function>
                     </condition>
                  </link>
                  <link id="mknxf1xo" targetId="mknxf1xp" type="containerLink"/>
                  <link id="mknxf1xk" targetId="c"/>
               </container>
               <assignment id="mknxf1xb">
                  <title>Assignment 1</title>
                  <operation source="formula" to="input.STATUS">
                     <expression language="XQuery">if($temp.DataTask1[1]/output[1]/Task_Status=1 and $temp.DataTask2[1]/output[1]/Task_Status =1 ) then 'T' else 'F'</expression>
                  </operation>
                  <link id="mknxf1xj" targetId="mknxf1xi"/>
               </assignment>
               <end id="c"/>
            </flow>
            <dependencies>
               <processObject xmlns="http://schemas.active-endpoints.com/appmodules/screenflow/2011/06/avosHostEnvironment.xsd"
                              displayName="MY-MS4-TASK-EMPLOYEE-btho44Hf8isbLVG9M53psh"
                              isByCopy="true"
                              name="MY-MS4-TASK-EMPLOYEE-btho44Hf8isbLVG9M53psh">
                  <description/>
                  <tags/>
                  <detail>
                     <field label="TaskProperties Parameters"
                            name="taskProperties"
                            nullable="true"
                            required="false"
                            type="reference"/>
                     <field label="Output Parameters"
                            name="output"
                            nullable="true"
                            required="false"
                            type="reference"/>
                     <field label="Fault"
                            name="fault"
                            nullable="true"
                            required="false"
                            type="reference"/>
                     <field label="Max Wait (Seconds)"
                            name="Max_Wait"
                            nullable="true"
                            required="false"
                            type="int"/>
                  </detail>
               </processObject>
               <processObject xmlns="http://schemas.active-endpoints.com/appmodules/screenflow/2011/06/avosHostEnvironment.xsd"
                              displayName="MY-MS4-TASK-ORDERS-3UvWqTnFxrQfjPg0RfHbQF"
                              isByCopy="true"
                              name="MY-MS4-TASK-ORDERS-3UvWqTnFxrQfjPg0RfHbQF">
                  <description/>
                  <tags/>
                  <detail>
                     <field label="TaskProperties Parameters"
                            name="taskProperties"
                            nullable="true"
                            required="false"
                            type="reference"/>
                     <field label="Output Parameters"
                            name="output"
                            nullable="true"
                            required="false"
                            type="reference"/>
                     <field label="Fault"
                            name="fault"
                            nullable="true"
                            required="false"
                            type="reference"/>
                     <field label="Max Wait (Seconds)"
                            name="Max_Wait"
                            nullable="true"
                            required="false"
                            type="int"/>
                  </detail>
               </processObject>
            </dependencies>
         </taskflow>
      </types1:Entry>
      <types1:GUID>04LgUdZ62xHd0tGMDhrOka</types1:GUID>
      <types1:DisplayName>MY_TASKFLOW_MS4</types1:DisplayName>
   </types1:Item>
   <types1:CurrentServerDateTime>2026-02-07T17:00:32.383Z</types1:CurrentServerDateTime>
</aetgt:getResponse>
