<aetgt:getResponse xmlns:aetgt="http://schemas.active-endpoints.com/appmodules/repository/2010/10/avrepository.xsd"
                   xmlns:types1="http://schemas.active-endpoints.com/appmodules/repository/2010/10/avrepository.xsd">
   <types1:Item>
      <types1:EntryId>i34jBvSx0aa-gt-34443478-2026-01-21T10:00:29.137Z::svc.xml</types1:EntryId>
      <types1:Name>ORDER_INFO</types1:Name>
      <types1:MimeType>application/xml+businesssconnector</types1:MimeType>
      <types1:Description/>
      <types1:AppliesTo/>
      <types1:Tags/>
      <types1:VersionLabel>1.0</types1:VersionLabel>
      <types1:State>CURRENT</types1:State>
      <types1:ProcessGroup/>
      <types1:CreatedBy>RAUNAKRAJ786</types1:CreatedBy>
      <types1:CreationDate>2026-01-21T10:00:29Z</types1:CreationDate>
      <types1:ModifiedBy/>
      <types1:PublicationStatus>unpublished</types1:PublicationStatus>
      <types1:Entry>
         <businessConnector xmlns="http://schemas.informatica.com/socrates/data-services/2014/05/business-connector-model.xsd"
                            agentOnly="false"
                            debug="false"
                            displayName="ORDER_INFO"
                            label=""
                            name="ORDER_INFO"
                            uuid="cab993fb-ab3f-443f-8065-7caefd6d9d06">
            <description/>
            <tags/>
            <connectionAttributes xmlns="http://schemas.informatica.com/appmodules/screenflow/2014/04/avosConnectors.xsd"/>
            <actions>
               <action category=""
                       failOnError="true"
                       forSearch="false"
                       label=""
                       maxRedirects="100"
                       name=""
                       preemptiveAuth="true"
                       responseEncoding="">
                  <description/>
                  <input/>
                  <binding>
                     <restSimpleBinding multiUsing="semicolonSeparated" url="" verb="GET">
                        <mutualAuth enabled="false">
                           <keyStore mode="file"/>
                           <keyStorePassword/>
                        </mutualAuth>
                     </restSimpleBinding>
                  </binding>
                  <output/>
               </action>
            </actions>
            <objects/>
         </businessConnector>
      </types1:Entry>
      <types1:GUID>7R4mQek33KXcrppm8H16k8</types1:GUID>
      <types1:DisplayName>ORDER_INFO</types1:DisplayName>
   </types1:Item>
   <types1:CurrentServerDateTime>2026-02-07T17:00:23.638Z</types1:CurrentServerDateTime>
</aetgt:getResponse>
