<aetgt:getResponse xmlns:aetgt="http://schemas.active-endpoints.com/appmodules/repository/2010/10/avrepository.xsd"
                   xmlns:types1="http://schemas.active-endpoints.com/appmodules/repository/2010/10/avrepository.xsd">
   <types1:Item>
      <types1:EntryId>rxeLeG3vASaaaaa-gt-22519938-2026-01-21T09:48:37.289Z::pd.xml</types1:EntryId>
      <types1:Name>Process_CDI_MAPPING_TASK_INVOKE</types1:Name>
      <types1:MimeType>application/xml+process</types1:MimeType>
      <types1:Description/>
      <types1:AppliesTo/>
      <types1:Tags/>
      <types1:VersionLabel>1.0</types1:VersionLabel>
      <types1:State>CURRENT</types1:State>
      <types1:ProcessGroup/>
      <types1:CreatedBy>RAUNAKRAJ786</types1:CreatedBy>
      <types1:CreationDate>2026-01-21T09:48:37Z</types1:CreationDate>
      <types1:ModifiedBy/>
      <types1:PublicationStatus>published</types1:PublicationStatus>
      <types1:PublishedBy>RAUNAKRAJ786</types1:PublishedBy>
      <types1:PublicationDate>2026-01-21T09:48:42Z</types1:PublicationDate>
      <types1:PublishedContributionId>project:/spi.Process_CDI_MAPPING_TASK_INVOKE/Process_CDI_MAPPING_TASK_INVOKE.pd.xml</types1:PublishedContributionId>
      <types1:Entry>
         <process xmlns="http://schemas.active-endpoints.com/appmodules/screenflow/2010/10/avosScreenflow.xsd"
                  xmlns:tfm="http://schemas.active-endpoints.com/appmodules/screenflow/2021/04/taskflowModel.xsd"
                  xmlns:list="urn:activevos:spi:list:functions"
                  GUID="1I340TemyfSlovvVgDdFCV"
                  displayName="Process_CDI_MAPPING_TASK_INVOKE"
                  name="Process_CDI_MAPPING_TASK_INVOKE"
                  overrideAPIName="false">
            <parameterSet xmlns="http://schemas.active-endpoints.com/appmodules/screenflow/2021/04/taskflowModel.xsd"/>
            <appliesTo/>
            <description/>
            <tags/>
            <generator>Informatica Process Designer 11</generator>
            <notes/>
            <deployment skipIfRunning="false" suspendOnFault="false" tracingLevel="none">
               <rest>
                  <allowAnonymousAccess/>
               </rest>
            </deployment>
            <extData>
               <nvpair name="treatEmptyStringAsNotNull">false</nvpair>
               <nvpair name="treatEmptyStringAsNull">true</nvpair>
               <nvpair name="treatEmptyObjectListAsArray">true</nvpair>
               <nvpair name="treatEmptyObjectListAsNotArray">false</nvpair>
            </extData>
            <flow id="m8f7927b4-4499-4c2d-b585-733ee19ccef7">
               <start id="id2761539-b8f9-4360-b2ca-e06e3f792fc8">
                  <link id="ld57b1954-7c8c-4268-9806-641dec5576ad"
                        targetId="Service984739fc-34f4-4b03-b3ac-ca434a19ddf5"/>
               </start>
               <service id="Service984739fc-34f4-4b03-b3ac-ca434a19ddf5">
                  <title>Service_MT_COMPLETE_PARAMETERIZATION</title>
                  <serviceName>ICSExecuteTask</serviceName>
                  <serviceInput>
                     <parameter name="Task Name" source="constant">MT_EMPLOYEES_COMPLETE_PARAMETERIZE [MCT]</parameter>
                     <parameter name="Wait for Task to Complete" source="constant"/>
                     <parameter name="Fail on Cloud Task Errors" source="constant"/>
                     <parameter name="GUID" source="constant">0DLDn1JpQkIfbKHQYLQFUp</parameter>
                  </serviceInput>
                  <link id="h3ccdb677-e2b1-4acf-bd7d-b9fa556e3767"
                        targetId="end-r5b65e314-6a30-4f6a-98dc-94183de42636"/>
               </service>
               <end id="end-r5b65e314-6a30-4f6a-98dc-94183de42636">
                  <title>End</title>
               </end>
            </flow>
         </process>
         <ns1:sample-data-sets xmlns:ns1="http://schemas.active-endpoints.com/appmodules/repository/2010/10/sampleData.xsd">
            <ns1:SampleData>
               <ns1:Id>89dff6da-7d7b-4f78-9f34-a34089097aa7</ns1:Id>
               <ns1:Name>JOB_RUN</ns1:Name>
               <ns1:CreatedBy>RAUNAKRAJ786</ns1:CreatedBy>
               <ns1:CreationDate>2026-01-21T09:49:58Z</ns1:CreationDate>
               <ns1:ModifiedBy>RAUNAKRAJ786</ns1:ModifiedBy>
               <ns1:ModificationDate>2026-01-21T09:49:58Z</ns1:ModificationDate>
               <ns1:Data format="json">{}</ns1:Data>
            </ns1:SampleData>
         </ns1:sample-data-sets>
      </types1:Entry>
      <types1:GUID>1I340TemyfSlovvVgDdFCV</types1:GUID>
      <types1:DisplayName>Process_CDI_MAPPING_TASK_INVOKE</types1:DisplayName>
   </types1:Item>
   <types1:CurrentServerDateTime>2026-02-07T17:00:29.067Z</types1:CurrentServerDateTime>
</aetgt:getResponse>
