<aetgt:getResponse xmlns:aetgt="http://schemas.active-endpoints.com/appmodules/repository/2010/10/avrepository.xsd"
                   xmlns:types1="http://schemas.active-endpoints.com/appmodules/repository/2010/10/avrepository.xsd">
   <types1:Item>
      <types1:EntryId>ljqluQgabcjk91p-gt-107692169-2026-01-24T10:05:35.177Z::tf.xml</types1:EntryId>
      <types1:Name>Taskflow4</types1:Name>
      <types1:MimeType>application/xml+taskflow</types1:MimeType>
      <types1:Description/>
      <types1:AppliesTo/>
      <types1:Tags/>
      <types1:VersionLabel>1.0</types1:VersionLabel>
      <types1:State>CURRENT</types1:State>
      <types1:ProcessGroup/>
      <types1:CreatedBy>RAUNAKRAJ786</types1:CreatedBy>
      <types1:CreationDate>2026-01-24T10:05:35Z</types1:CreationDate>
      <types1:ModifiedBy/>
      <types1:PublicationStatus>published</types1:PublicationStatus>
      <types1:PublishedBy>RAUNAKRAJ786</types1:PublishedBy>
      <types1:PublicationDate>2026-01-24T10:05:41Z</types1:PublicationDate>
      <types1:PublishedContributionId>project:/tf.Taskflow4/Taskflow4.tf.xml</types1:PublishedContributionId>
      <types1:Entry>
         <taskflow xmlns="http://schemas.active-endpoints.com/appmodules/screenflow/2010/10/avosScreenflow.xsd"
                   xmlns:tfm="http://schemas.active-endpoints.com/appmodules/screenflow/2021/04/taskflowModel.xsd"
                   xmlns:list="urn:activevos:spi:list:functions"
                   displayName="Taskflow4"
                   name="Taskflow4"
                   overrideAPIName="false">
            <parameterSet xmlns="http://schemas.active-endpoints.com/appmodules/screenflow/2021/04/taskflowModel.xsd"/>
            <appliesTo/>
            <description/>
            <tags/>
            <generator>Informatica Process Designer 11</generator>
            <tempFields>
               <field description="" name="Data Task 1" type="reference">
                  <options>
                     <option name="failOnNotRun">false</option>
                     <option name="failOnFault">false</option>
                     <option name="referenceTo">$po:MS4Q1TASK-3W4wQz4lOEfhp6IuHfO0kX</option>
                  </options>
               </field>
            </tempFields>
            <notes/>
            <deployment skipIfRunning="false" suspendOnFault="false" tracingLevel="verbose">
               <rest>
                  <allowedUsers>
                     <user>RAUNAKRAJ786</user>
                  </allowedUsers>
               </rest>
            </deployment>
            <extData>
               <nvpair name="treatEmptyStringAsNotNull">false</nvpair>
               <nvpair name="treatEmptyObjectListAsArray">false</nvpair>
            </extData>
            <flow id="a">
               <start id="b">
                  <link id="mks55xws" targetId="mks55xyh"/>
               </start>
               <eventContainer id="mks55xyh">
                  <service id="mks55xwr">
                     <title>Data Task 1</title>
                     <serviceName>ICSExecuteDataTask</serviceName>
                     <serviceGUID/>
                     <serviceInput>
                        <parameter name="Wait for Task to Complete" source="constant" updatable="true">true</parameter>
                        <parameter name="Max Wait" source="constant" updatable="true">604800</parameter>
                        <parameter name="Task Name" source="constant" updatable="true">MS4Q1TASK</parameter>
                        <parameter name="GUID" source="constant" updatable="true">3W4wQz4lOEfhp6IuHfO0kX</parameter>
                        <parameter name="Task Type" source="constant" updatable="true">MCT</parameter>
                        <parameter name="Has Inout Parameters" source="constant" updatable="true">false</parameter>
                        <parameter name="taskField" source="nested">
                           <operation source="field" to="MS4Q1TASK-3W4wQz4lOEfhp6IuHfO0kX">temp.Data Task 1</operation>
                        </parameter>
                     </serviceInput>
                     <serviceOutput>
                        <operation source="field" to="temp.Data Task 1/output/Object_Name">Object Name</operation>
                        <operation source="field" to="temp.Data Task 1/output/Run_Id">Run Id</operation>
                        <operation source="field" to="temp.Data Task 1/output/Log_Id">Log Id</operation>
                        <operation source="field" to="temp.Data Task 1/output/Task_Id">Task Id</operation>
                        <operation source="field" to="temp.Data Task 1/output/Task_Status">Task Status</operation>
                        <operation source="field" to="temp.Data Task 1/output/Success_Source_Rows">Success Source Rows</operation>
                        <operation source="field" to="temp.Data Task 1/output/Failed_Source_Rows">Failed Source Rows</operation>
                        <operation source="field" to="temp.Data Task 1/output/Success_Target_Rows">Success Target Rows</operation>
                        <operation source="field" to="temp.Data Task 1/output/Failed_Target_Rows">Failed Target Rows</operation>
                        <operation source="field" to="temp.Data Task 1/output/Start_Time">Start Time</operation>
                        <operation source="field" to="temp.Data Task 1/output/End_Time">End Time</operation>
                        <operation source="field" to="temp.Data Task 1/output/Error_Message">Error Message</operation>
                        <operation source="field" to="temp.Data Task 1/output/TotalTransErrors">Total Transformation Errors</operation>
                        <operation source="field" to="temp.Data Task 1/output/FirstErrorCode">First Error Code</operation>
                     </serviceOutput>
                  </service>
                  <link id="mks55xwy" targetId="mks55xwx"/>
                  <events>
                     <catch faultField="temp.Data Task 1/fault"
                            id="mks55xyf"
                            interrupting="true"
                            name="error">
                        <suspend/>
                     </catch>
                     <catch faultField="temp.Data Task 1/fault"
                            id="mks55xyg"
                            interrupting="true"
                            name="warning"/>
                  </events>
               </eventContainer>
               <container id="mks55xwx" type="exclusive">
                  <title>Decision 1</title>
                  <flow id="mks55xx1">
                     <eventContainer id="mks55xzf">
                        <service id="mks55xxh">
                           <title>Notification Task 1</title>
                           <serviceName>emailNotificationService</serviceName>
                           <serviceGUID/>
                           <serviceInput>
                              <parameter name="Email To" source="constant">hemajha24@gmail.com</parameter>
                              <parameter name="Email Cc" source="constant"/>
                              <parameter name="Email Bcc" source="constant"/>
                              <parameter name="Email Subject" source="constant"/>
                              <parameter name="Email Content Type" source="constant">text</parameter>
                              <parameter name="Email Body" source="constant"> &lt;p&gt;success&lt;/p&gt; </parameter>
                           </serviceInput>
                           <serviceOutput/>
                        </service>
                        <events>
                           <catch faultField="temp.dummyTF5895/fault"
                                  id="mks55xxe"
                                  interrupting="true"
                                  name="warning"/>
                        </events>
                     </eventContainer>
                     <link id="mks55xx2" targetId="mks55xwx" type="containerLink"/>
                  </flow>
                  <flow id="mks55xx4">
                     <end id="mks55xxb">
                        <title>End 1</title>
                     </end>
                  </flow>
                  <link id="mks55xx0" targetId="mks55xx1" type="containerLink">
                     <condition source="formula">
                        <function name="contains">
                           <arg name="left">{$temp.DataTask1[1]/output[1]/Task_Status}</arg>
                           <arg name="right">1</arg>
                        </function>
                     </condition>
                  </link>
                  <link id="mks55xx3" targetId="mks55xx4" type="containerLink"/>
                  <link id="mks55xwz" targetId="c"/>
               </container>
               <end id="c"/>
            </flow>
            <dependencies>
               <processObject xmlns="http://schemas.active-endpoints.com/appmodules/screenflow/2011/06/avosHostEnvironment.xsd"
                              displayName="MS4Q1TASK-3W4wQz4lOEfhp6IuHfO0kX"
                              isByCopy="true"
                              name="MS4Q1TASK-3W4wQz4lOEfhp6IuHfO0kX">
                  <description/>
                  <tags/>
                  <detail>
                     <field label="TaskProperties Parameters"
                            name="taskProperties"
                            nullable="true"
                            required="false"
                            type="reference"/>
                     <field label="Output Parameters"
                            name="output"
                            nullable="true"
                            required="false"
                            type="reference"/>
                     <field label="Fault"
                            name="fault"
                            nullable="true"
                            required="false"
                            type="reference"/>
                     <field label="Max Wait (Seconds)"
                            name="Max_Wait"
                            nullable="true"
                            required="false"
                            type="int"/>
                  </detail>
               </processObject>
            </dependencies>
         </taskflow>
      </types1:Entry>
      <types1:GUID>9GS922j1XwJhk7t0HqoZqY</types1:GUID>
      <types1:DisplayName>Taskflow4</types1:DisplayName>
   </types1:Item>
   <types1:CurrentServerDateTime>2026-02-07T17:00:32.469Z</types1:CurrentServerDateTime>
</aetgt:getResponse>
