<aetgt:getResponse xmlns:aetgt="http://schemas.active-endpoints.com/appmodules/repository/2010/10/avrepository.xsd"
                   xmlns:types1="http://schemas.active-endpoints.com/appmodules/repository/2010/10/avrepository.xsd">
   <types1:Item>
      <types1:EntryId>Gicmdz9Iqy3eHRi-gt-35496144-2026-01-20T07:01:45.305Z::tf.xml</types1:EntryId>
      <types1:Name>Taskflow3</types1:Name>
      <types1:MimeType>application/xml+taskflow</types1:MimeType>
      <types1:Description/>
      <types1:AppliesTo/>
      <types1:Tags/>
      <types1:VersionLabel>1.0</types1:VersionLabel>
      <types1:State>CURRENT</types1:State>
      <types1:ProcessGroup/>
      <types1:CreatedBy>RAUNAKRAJ786</types1:CreatedBy>
      <types1:CreationDate>2026-01-20T07:01:45Z</types1:CreationDate>
      <types1:ModifiedBy>RAUNAKRAJ786</types1:ModifiedBy>
      <types1:ModificationDate>2026-01-20T07:08:21Z</types1:ModificationDate>
      <types1:PublicationStatus>published</types1:PublicationStatus>
      <types1:PublishedBy>RAUNAKRAJ786</types1:PublishedBy>
      <types1:PublicationDate>2026-01-20T07:08:27Z</types1:PublicationDate>
      <types1:PublishedContributionId>project:/tf.Taskflow3/Taskflow3.tf.xml</types1:PublishedContributionId>
      <types1:Entry>
         <taskflow xmlns="http://schemas.active-endpoints.com/appmodules/screenflow/2010/10/avosScreenflow.xsd"
                   xmlns:tfm="http://schemas.active-endpoints.com/appmodules/screenflow/2021/04/taskflowModel.xsd"
                   xmlns:list="urn:activevos:spi:list:functions"
                   displayName="Taskflow3"
                   name="Taskflow3"
                   overrideAPIName="false">
            <parameterSet xmlns="http://schemas.active-endpoints.com/appmodules/screenflow/2021/04/taskflowModel.xsd"/>
            <appliesTo/>
            <description/>
            <tags/>
            <generator>Informatica Process Designer 11</generator>
            <tempFields>
               <field description="" name="Command Task 1" type="reference">
                  <options>
                     <option name="referenceTo">$po:INFA-commandTask</option>
                     <option name="failOnNotRun">false</option>
                     <option name="failOnFault">false</option>
                  </options>
               </field>
               <field description="" name="Data Task 1" type="reference">
                  <options>
                     <option name="failOnNotRun">false</option>
                     <option name="failOnFault">false</option>
                     <option name="referenceTo">$po:MT-EMPLOYEES-COMPLETE-PARAMETERIZE-0DLDn1JpQkIfbKHQYLQFUp</option>
                  </options>
               </field>
            </tempFields>
            <notes/>
            <deployment skipIfRunning="false" suspendOnFault="false" tracingLevel="verbose">
               <rest/>
            </deployment>
            <flow id="a">
               <start id="b">
                  <link id="mkm8lx98" targetId="mkm8lxai"/>
               </start>
               <eventContainer id="mkm8lxai">
                  <service id="mkm8lx97">
                     <title>Command Task 1</title>
                     <serviceName>ICSExecuteCommandTask</serviceName>
                     <serviceGUID/>
                     <serviceInput>
                        <parameter name="Task Name" source="constant">Command Task 1</parameter>
                        <parameter name="Wait for Task to Complete" source="constant">true</parameter>
                        <parameter name="Runtime Environment" source="constant">01DK0R2500000000005M:DESKTOP-0FU31RQ</parameter>
                        <parameter name="Max Wait" source="constant">86400</parameter>
                        <parameter name="Script Name" source="constant"/>
                        <parameter name="Input Arguments" source="constant"/>
                        <parameter name="Work Directory" source="constant"/>
                        <parameter name="RuntimeEnvGUID" source="constant">3NjC03LmWW4h5qqWkxeSKb</parameter>
                        <parameter name="FailTaskIfAnyScriptFails" source="constant">true</parameter>
                        <parameter name="taskField" source="nested">
                           <operation source="field" to="INFA-commandTask">temp.Command Task 1</operation>
                           <operation source="constant" to="INFA-commandTask/input[1]/script-1/name">Script1</operation>
                           <operation source="constant" to="INFA-commandTask/input[1]/script-1/scriptName">C:\Program Files\iics_demo\copy.bat</operation>
                           <operation source="constant"
                                      to="INFA-commandTask/input[1]/script-1/inputArguments"/>
                           <operation source="constant" to="INFA-commandTask/input[1]/script-1/workDir">C:\Program Files\iics_demo\</operation>
                        </parameter>
                     </serviceInput>
                     <serviceOutput>
                        <operation source="field" to="temp.Command Task 1/output/Run_Id">Run Id</operation>
                        <operation source="field" to="temp.Command Task 1/output/Start_Time">Start Time</operation>
                        <operation source="field" to="temp.Command Task 1/output/End_Time">End Time</operation>
                        <operation source="field" to="temp.Command Task 1/output/Exit_Code">Exit Code</operation>
                        <operation source="field" to="temp.Command Task 1/output/Execution_Status">Execution Status</operation>
                        <operation source="field" to="temp.Command Task 1/output/Std_Error">Std Error</operation>
                     </serviceOutput>
                  </service>
                  <link id="mkm8lxb0" targetId="mkm8lxbo"/>
                  <events>
                     <catch faultField="temp.Command Task 1/fault"
                            id="mkm8lxah"
                            interrupting="true"
                            name="error">
                        <suspend/>
                     </catch>
                  </events>
               </eventContainer>
               <eventContainer id="mkm8lxbo">
                  <service id="mkm8lxaz">
                     <title>Data Task 1</title>
                     <serviceName>ICSExecuteDataTask</serviceName>
                     <serviceGUID/>
                     <serviceInput>
                        <parameter name="Wait for Task to Complete" source="constant" updatable="true">true</parameter>
                        <parameter name="Max Wait" source="constant" updatable="true">604800</parameter>
                        <parameter name="Task Name" source="constant" updatable="true">MT_EMPLOYEES_COMPLETE_PARAMETERIZE</parameter>
                        <parameter name="GUID" source="constant" updatable="true">0DLDn1JpQkIfbKHQYLQFUp</parameter>
                        <parameter name="Task Type" source="constant" updatable="true">MCT</parameter>
                        <parameter name="Has Inout Parameters" source="constant" updatable="true">false</parameter>
                        <parameter name="taskField" source="nested">
                           <operation source="field"
                                      to="MT-EMPLOYEES-COMPLETE-PARAMETERIZE-0DLDn1JpQkIfbKHQYLQFUp">temp.Data Task 1</operation>
                        </parameter>
                     </serviceInput>
                     <serviceOutput>
                        <operation source="field" to="temp.Data Task 1/output/Object_Name">Object Name</operation>
                        <operation source="field" to="temp.Data Task 1/output/Run_Id">Run Id</operation>
                        <operation source="field" to="temp.Data Task 1/output/Log_Id">Log Id</operation>
                        <operation source="field" to="temp.Data Task 1/output/Task_Id">Task Id</operation>
                        <operation source="field" to="temp.Data Task 1/output/Task_Status">Task Status</operation>
                        <operation source="field" to="temp.Data Task 1/output/Success_Source_Rows">Success Source Rows</operation>
                        <operation source="field" to="temp.Data Task 1/output/Failed_Source_Rows">Failed Source Rows</operation>
                        <operation source="field" to="temp.Data Task 1/output/Success_Target_Rows">Success Target Rows</operation>
                        <operation source="field" to="temp.Data Task 1/output/Failed_Target_Rows">Failed Target Rows</operation>
                        <operation source="field" to="temp.Data Task 1/output/Start_Time">Start Time</operation>
                        <operation source="field" to="temp.Data Task 1/output/End_Time">End Time</operation>
                        <operation source="field" to="temp.Data Task 1/output/Error_Message">Error Message</operation>
                        <operation source="field" to="temp.Data Task 1/output/TotalTransErrors">Total Transformation Errors</operation>
                        <operation source="field" to="temp.Data Task 1/output/FirstErrorCode">First Error Code</operation>
                     </serviceOutput>
                  </service>
                  <link id="mkm8lxb1" targetId="c"/>
                  <events>
                     <catch faultField="temp.Data Task 1/fault"
                            id="mkm8lxbm"
                            interrupting="true"
                            name="error">
                        <suspend/>
                     </catch>
                     <catch faultField="temp.Data Task 1/fault"
                            id="mkm8lxbn"
                            interrupting="true"
                            name="warning"/>
                  </events>
               </eventContainer>
               <end id="c"/>
            </flow>
            <dependencies>
               <processObject xmlns="http://schemas.active-endpoints.com/appmodules/screenflow/2011/06/avosHostEnvironment.xsd"
                              displayName="INFA-commandTask"
                              isByCopy="true"
                              name="INFA-commandTask">
                  <description>This process object represents a taskflow specific command task output field details.</description>
                  <tags/>
                  <detail>
                     <field label="Output Parameters"
                            name="output"
                            nullable="true"
                            required="false"
                            type="reference"/>
                     <field label="Fault"
                            name="fault"
                            nullable="true"
                            required="false"
                            type="reference"/>
                  </detail>
               </processObject>
               <processObject xmlns="http://schemas.active-endpoints.com/appmodules/screenflow/2011/06/avosHostEnvironment.xsd"
                              displayName="MT-EMPLOYEES-COMPLETE-PARAMETERIZE-0DLDn1JpQkIfbKHQYLQFUp"
                              isByCopy="true"
                              name="MT-EMPLOYEES-COMPLETE-PARAMETERIZE-0DLDn1JpQkIfbKHQYLQFUp">
                  <description/>
                  <tags/>
                  <detail>
                     <field label="Input Parameters"
                            name="input"
                            nullable="true"
                            required="false"
                            type="reference"/>
                     <field label="TaskProperties Parameters"
                            name="taskProperties"
                            nullable="true"
                            required="false"
                            type="reference"/>
                     <field label="Output Parameters"
                            name="output"
                            nullable="true"
                            required="false"
                            type="reference"/>
                     <field label="Fault"
                            name="fault"
                            nullable="true"
                            required="false"
                            type="reference"/>
                     <field label="Max Wait (Seconds)"
                            name="Max_Wait"
                            nullable="true"
                            required="false"
                            type="int"/>
                  </detail>
               </processObject>
            </dependencies>
         </taskflow>
      </types1:Entry>
      <types1:GUID>45oQYQ2pYH6lgXEOahjpq5</types1:GUID>
      <types1:DisplayName>Taskflow3</types1:DisplayName>
   </types1:Item>
   <types1:CurrentServerDateTime>2026-02-07T17:00:29.476Z</types1:CurrentServerDateTime>
</aetgt:getResponse>
