<aetgt:getResponse xmlns:aetgt="http://schemas.active-endpoints.com/appmodules/repository/2010/10/avrepository.xsd"
                   xmlns:types1="http://schemas.active-endpoints.com/appmodules/repository/2010/10/avrepository.xsd">
   <types1:Item>
      <types1:EntryId>SUXL86zqzm5Y6tM-gt-104141995-2026-01-21T17:41:25.719Z::tf.xml</types1:EntryId>
      <types1:Name>Taskflow_linear_order_processing</types1:Name>
      <types1:MimeType>application/xml+taskflow</types1:MimeType>
      <types1:Description/>
      <types1:AppliesTo/>
      <types1:Tags/>
      <types1:VersionLabel>1.0</types1:VersionLabel>
      <types1:State>CURRENT</types1:State>
      <types1:ProcessGroup/>
      <types1:CreatedBy>RAUNAKRAJ786</types1:CreatedBy>
      <types1:CreationDate>2026-01-21T17:41:26Z</types1:CreationDate>
      <types1:ModifiedBy>RAUNAKRAJ786</types1:ModifiedBy>
      <types1:ModificationDate>2026-01-21T17:53:27Z</types1:ModificationDate>
      <types1:PublicationStatus>published</types1:PublicationStatus>
      <types1:PublishedBy>RAUNAKRAJ786</types1:PublishedBy>
      <types1:PublicationDate>2026-01-21T17:53:31Z</types1:PublicationDate>
      <types1:PublishedContributionId>project:/tf.Taskflow_linear_order_processing/Taskflow_linear_order_processing.tf.xml</types1:PublishedContributionId>
      <types1:Entry>
         <taskflow xmlns="http://schemas.active-endpoints.com/appmodules/screenflow/2010/10/avosScreenflow.xsd"
                   xmlns:tfm="http://schemas.active-endpoints.com/appmodules/screenflow/2021/04/taskflowModel.xsd"
                   xmlns:list="urn:activevos:spi:list:functions"
                   displayName="Taskflow_linear_order_processing"
                   name="Taskflow_linear_order_processing"
                   overrideAPIName="false">
            <parameterSet xmlns="http://schemas.active-endpoints.com/appmodules/screenflow/2021/04/taskflowModel.xsd"/>
            <appliesTo/>
            <description/>
            <tags/>
            <generator>Informatica Process Designer 11</generator>
            <tempFields>
               <field description="" name="Data Task 1" type="reference">
                  <options>
                     <option name="failOnNotRun">false</option>
                     <option name="failOnFault">false</option>
                     <option name="referenceTo">$po:task-load-bulk-orders-4js2cMhTkeRkdKuM7xNxiS</option>
                  </options>
               </field>
               <field description="" name="Data Task 2" type="reference">
                  <options>
                     <option name="failOnNotRun">false</option>
                     <option name="failOnFault">false</option>
                     <option name="referenceTo">$po:task-dispatch-ready-orders-9yFCX56Kc5odNFfbz7f60P</option>
                  </options>
               </field>
            </tempFields>
            <notes/>
            <deployment skipIfRunning="false" suspendOnFault="false" tracingLevel="verbose">
               <rest>
                  <allowedUsers>
                     <user>RAUNAKRAJ786</user>
                  </allowedUsers>
               </rest>
            </deployment>
            <extData>
               <nvpair name="treatEmptyStringAsNotNull">false</nvpair>
               <nvpair name="treatEmptyObjectListAsArray">false</nvpair>
            </extData>
            <flow id="a">
               <start id="b">
                  <link id="mkoaq1ik" targetId="mkoaq1j7"/>
               </start>
               <eventContainer id="mkoaq1j7">
                  <service id="mkoaq1ij">
                     <title>Data Task 1</title>
                     <serviceName>ICSExecuteDataTask</serviceName>
                     <serviceGUID/>
                     <serviceInput>
                        <parameter name="Wait for Task to Complete" source="constant" updatable="true">true</parameter>
                        <parameter name="Max Wait" source="constant" updatable="true">604800</parameter>
                        <parameter name="Task Name" source="constant" updatable="true">task_load_bulk_orders</parameter>
                        <parameter name="GUID" source="constant" updatable="true">4js2cMhTkeRkdKuM7xNxiS</parameter>
                        <parameter name="Task Type" source="constant" updatable="true">MCT</parameter>
                        <parameter name="Has Inout Parameters" source="constant" updatable="true">false</parameter>
                        <parameter name="taskField" source="nested">
                           <operation source="field" to="task-load-bulk-orders-4js2cMhTkeRkdKuM7xNxiS">temp.Data Task 1</operation>
                        </parameter>
                     </serviceInput>
                     <serviceOutput>
                        <operation source="field" to="temp.Data Task 1/output/Object_Name">Object Name</operation>
                        <operation source="field" to="temp.Data Task 1/output/Run_Id">Run Id</operation>
                        <operation source="field" to="temp.Data Task 1/output/Log_Id">Log Id</operation>
                        <operation source="field" to="temp.Data Task 1/output/Task_Id">Task Id</operation>
                        <operation source="field" to="temp.Data Task 1/output/Task_Status">Task Status</operation>
                        <operation source="field" to="temp.Data Task 1/output/Success_Source_Rows">Success Source Rows</operation>
                        <operation source="field" to="temp.Data Task 1/output/Failed_Source_Rows">Failed Source Rows</operation>
                        <operation source="field" to="temp.Data Task 1/output/Success_Target_Rows">Success Target Rows</operation>
                        <operation source="field" to="temp.Data Task 1/output/Failed_Target_Rows">Failed Target Rows</operation>
                        <operation source="field" to="temp.Data Task 1/output/Start_Time">Start Time</operation>
                        <operation source="field" to="temp.Data Task 1/output/End_Time">End Time</operation>
                        <operation source="field" to="temp.Data Task 1/output/Error_Message">Error Message</operation>
                        <operation source="field" to="temp.Data Task 1/output/TotalTransErrors">Total Transformation Errors</operation>
                        <operation source="field" to="temp.Data Task 1/output/FirstErrorCode">First Error Code</operation>
                     </serviceOutput>
                  </service>
                  <link id="mkoaq1jt" targetId="mkoaq1js"/>
                  <events>
                     <catch faultField="temp.Data Task 1/fault"
                            id="mkoaq1j5"
                            interrupting="true"
                            name="error">
                        <suspend/>
                     </catch>
                     <catch faultField="temp.Data Task 1/fault"
                            id="mkoaq1j6"
                            interrupting="true"
                            name="warning"/>
                  </events>
               </eventContainer>
               <container id="mkoaq1js" type="exclusive">
                  <title>Decision 1</title>
                  <flow id="mkoaq1jw">
                     <eventContainer id="mkoaq1n9">
                        <service id="mkoaq1ml">
                           <title>Data Task 2</title>
                           <serviceName>ICSExecuteDataTask</serviceName>
                           <serviceGUID/>
                           <serviceInput>
                              <parameter name="Wait for Task to Complete" source="constant" updatable="true">true</parameter>
                              <parameter name="Max Wait" source="constant" updatable="true">604800</parameter>
                              <parameter name="Task Name" source="constant" updatable="true">task_dispatch_ready_orders</parameter>
                              <parameter name="GUID" source="constant" updatable="true">9yFCX56Kc5odNFfbz7f60P</parameter>
                              <parameter name="Task Type" source="constant" updatable="true">MCT</parameter>
                              <parameter name="Has Inout Parameters" source="constant" updatable="true">false</parameter>
                              <parameter name="taskField" source="nested">
                                 <operation source="field" to="task-dispatch-ready-orders-9yFCX56Kc5odNFfbz7f60P">temp.Data Task 2</operation>
                              </parameter>
                           </serviceInput>
                           <serviceOutput>
                              <operation source="field" to="temp.Data Task 2/output/Object_Name">Object Name</operation>
                              <operation source="field" to="temp.Data Task 2/output/Run_Id">Run Id</operation>
                              <operation source="field" to="temp.Data Task 2/output/Log_Id">Log Id</operation>
                              <operation source="field" to="temp.Data Task 2/output/Task_Id">Task Id</operation>
                              <operation source="field" to="temp.Data Task 2/output/Task_Status">Task Status</operation>
                              <operation source="field" to="temp.Data Task 2/output/Success_Source_Rows">Success Source Rows</operation>
                              <operation source="field" to="temp.Data Task 2/output/Failed_Source_Rows">Failed Source Rows</operation>
                              <operation source="field" to="temp.Data Task 2/output/Success_Target_Rows">Success Target Rows</operation>
                              <operation source="field" to="temp.Data Task 2/output/Failed_Target_Rows">Failed Target Rows</operation>
                              <operation source="field" to="temp.Data Task 2/output/Start_Time">Start Time</operation>
                              <operation source="field" to="temp.Data Task 2/output/End_Time">End Time</operation>
                              <operation source="field" to="temp.Data Task 2/output/Error_Message">Error Message</operation>
                              <operation source="field" to="temp.Data Task 2/output/TotalTransErrors">Total Transformation Errors</operation>
                              <operation source="field" to="temp.Data Task 2/output/FirstErrorCode">First Error Code</operation>
                           </serviceOutput>
                        </service>
                        <events>
                           <catch faultField="temp.Data Task 2/fault"
                                  id="mkoaq1n7"
                                  interrupting="true"
                                  name="error">
                              <suspend/>
                           </catch>
                           <catch faultField="temp.Data Task 2/fault"
                                  id="mkoaq1n8"
                                  interrupting="true"
                                  name="warning"/>
                        </events>
                     </eventContainer>
                     <link id="mkoaq1jx" targetId="mkoaq1js" type="containerLink"/>
                  </flow>
                  <flow id="mkoaq1jz">
                     <eventContainer id="mkoaq1oh">
                        <service id="mkoaq1o2">
                           <title>Notification Task 1</title>
                           <serviceName>emailNotificationService</serviceName>
                           <serviceGUID/>
                           <serviceInput>
                              <parameter name="Email To" source="constant">hemajha24@gmail.com</parameter>
                              <parameter name="Email Cc" source="constant"/>
                              <parameter name="Email Bcc" source="constant"/>
                              <parameter name="Email Subject" source="constant"/>
                              <parameter name="Email Content Type" source="constant">text</parameter>
                              <parameter name="Email Body" source="constant"> &lt;p&gt;failure&lt;/p&gt; </parameter>
                           </serviceInput>
                           <serviceOutput/>
                        </service>
                        <link id="mkoaq1o4" targetId="mkoaq1nw"/>
                        <events>
                           <catch faultField="temp.dummyTF5895/fault"
                                  id="mkoaq1nz"
                                  interrupting="true"
                                  name="warning"/>
                        </events>
                     </eventContainer>
                     <end id="mkoaq1nw">
                        <title>End 1</title>
                     </end>
                  </flow>
                  <link id="mkoaq1jv" targetId="mkoaq1jw" type="containerLink">
                     <condition source="formula">
                        <function name="string-equals">
                           <arg name="left">{$temp.DataTask1[1]/output[1]/Task_Status}</arg>
                           <arg name="right">1</arg>
                        </function>
                     </condition>
                  </link>
                  <link id="mkoaq1jy" targetId="mkoaq1jz" type="containerLink"/>
                  <link id="mkoaq1ju" targetId="c"/>
               </container>
               <end id="c"/>
            </flow>
            <dependencies>
               <processObject xmlns="http://schemas.active-endpoints.com/appmodules/screenflow/2011/06/avosHostEnvironment.xsd"
                              displayName="task-load-bulk-orders-4js2cMhTkeRkdKuM7xNxiS"
                              isByCopy="true"
                              name="task-load-bulk-orders-4js2cMhTkeRkdKuM7xNxiS">
                  <description/>
                  <tags/>
                  <detail>
                     <field label="TaskProperties Parameters"
                            name="taskProperties"
                            nullable="true"
                            required="false"
                            type="reference"/>
                     <field label="Output Parameters"
                            name="output"
                            nullable="true"
                            required="false"
                            type="reference"/>
                     <field label="Fault"
                            name="fault"
                            nullable="true"
                            required="false"
                            type="reference"/>
                     <field label="Max Wait (Seconds)"
                            name="Max_Wait"
                            nullable="true"
                            required="false"
                            type="int"/>
                  </detail>
               </processObject>
               <processObject xmlns="http://schemas.active-endpoints.com/appmodules/screenflow/2011/06/avosHostEnvironment.xsd"
                              displayName="task-dispatch-ready-orders-9yFCX56Kc5odNFfbz7f60P"
                              isByCopy="true"
                              name="task-dispatch-ready-orders-9yFCX56Kc5odNFfbz7f60P">
                  <description/>
                  <tags/>
                  <detail>
                     <field label="TaskProperties Parameters"
                            name="taskProperties"
                            nullable="true"
                            required="false"
                            type="reference"/>
                     <field label="Output Parameters"
                            name="output"
                            nullable="true"
                            required="false"
                            type="reference"/>
                     <field label="Fault"
                            name="fault"
                            nullable="true"
                            required="false"
                            type="reference"/>
                     <field label="Max Wait (Seconds)"
                            name="Max_Wait"
                            nullable="true"
                            required="false"
                            type="int"/>
                  </detail>
               </processObject>
            </dependencies>
         </taskflow>
      </types1:Entry>
      <types1:GUID>hSUZWHSsrYRlBVFDFFGgo8</types1:GUID>
      <types1:DisplayName>Taskflow_linear_order_processing</types1:DisplayName>
   </types1:Item>
   <types1:CurrentServerDateTime>2026-02-07T17:00:32.443Z</types1:CurrentServerDateTime>
</aetgt:getResponse>
