<aetgt:getResponse xmlns:aetgt="http://schemas.active-endpoints.com/appmodules/repository/2010/10/avrepository.xsd"
                   xmlns:types1="http://schemas.active-endpoints.com/appmodules/repository/2010/10/avrepository.xsd">
   <types1:Item>
      <types1:EntryId>FnAnOjseGbciZBp-gt-103508163-2026-01-19T10:01:12.502Z::tf.xml</types1:EntryId>
      <types1:Name>Taskflow1</types1:Name>
      <types1:MimeType>application/xml+taskflow</types1:MimeType>
      <types1:Description/>
      <types1:AppliesTo/>
      <types1:Tags/>
      <types1:VersionLabel>1.0</types1:VersionLabel>
      <types1:State>CURRENT</types1:State>
      <types1:ProcessGroup/>
      <types1:CreatedBy>RAUNAKRAJ786</types1:CreatedBy>
      <types1:CreationDate>2026-01-19T10:01:13Z</types1:CreationDate>
      <types1:ModifiedBy>RAUNAKRAJ786</types1:ModifiedBy>
      <types1:ModificationDate>2026-01-19T10:02:49Z</types1:ModificationDate>
      <types1:PublicationStatus>published</types1:PublicationStatus>
      <types1:PublishedBy>RAUNAKRAJ786</types1:PublishedBy>
      <types1:PublicationDate>2026-01-19T10:02:54Z</types1:PublicationDate>
      <types1:PublishedContributionId>project:/tf.Taskflow1/Taskflow1.tf.xml</types1:PublishedContributionId>
      <types1:Entry>
         <taskflow xmlns="http://schemas.active-endpoints.com/appmodules/screenflow/2010/10/avosScreenflow.xsd"
                   xmlns:tfm="http://schemas.active-endpoints.com/appmodules/screenflow/2021/04/taskflowModel.xsd"
                   xmlns:list="urn:activevos:spi:list:functions"
                   displayName="Taskflow1"
                   name="Taskflow1"
                   overrideAPIName="false">
            <parameterSet xmlns="http://schemas.active-endpoints.com/appmodules/screenflow/2021/04/taskflowModel.xsd"/>
            <appliesTo/>
            <description/>
            <tags/>
            <generator>Informatica Process Designer 11</generator>
            <tempFields>
               <field description="" name="COMPLETE_PARAMETRIZATION" type="reference">
                  <options>
                     <option name="failOnNotRun">false</option>
                     <option name="failOnFault">false</option>
                     <option name="referenceTo">$po:MT-PRODUCTS-SCD2-f62RK4ZeoirivHG0IXAR8z</option>
                  </options>
               </field>
               <field description="" name="Data Task 2" type="reference">
                  <options>
                     <option name="failOnNotRun">false</option>
                     <option name="failOnFault">false</option>
                     <option name="referenceTo">$po:MT-EMPLOYEES-SCD2V-iVVJSOHrVQTgKhndu9a2Qq</option>
                  </options>
               </field>
            </tempFields>
            <notes/>
            <deployment skipIfRunning="false" suspendOnFault="false" tracingLevel="verbose">
               <rest>
                  <allowedUsers>
                     <user>RAUNAKRAJ786</user>
                  </allowedUsers>
               </rest>
            </deployment>
            <extData>
               <nvpair name="treatEmptyStringAsNotNull">false</nvpair>
               <nvpair name="treatEmptyObjectListAsArray">false</nvpair>
            </extData>
            <flow id="a">
               <start id="b">
                  <link id="mkkzhbkl" targetId="mkkzhble"/>
               </start>
               <eventContainer id="mkkzhble">
                  <service id="mkkzhbkk">
                     <title>COMPLETE_PARAMETRIZATION</title>
                     <serviceName>ICSExecuteDataTask</serviceName>
                     <serviceGUID/>
                     <serviceInput>
                        <parameter name="Wait for Task to Complete" source="constant" updatable="true">true</parameter>
                        <parameter name="Max Wait" source="constant" updatable="true">604800</parameter>
                        <parameter name="Task Name" source="constant" updatable="true">MT_PRODUCTS_SCD2</parameter>
                        <parameter name="GUID" source="constant" updatable="true">f62RK4ZeoirivHG0IXAR8z</parameter>
                        <parameter name="Task Type" source="constant" updatable="true">MCT</parameter>
                        <parameter name="Has Inout Parameters" source="constant" updatable="true">false</parameter>
                        <parameter name="taskField" source="nested">
                           <operation source="field" to="MT-PRODUCTS-SCD2-f62RK4ZeoirivHG0IXAR8z">temp.COMPLETE_PARAMETRIZATION</operation>
                        </parameter>
                     </serviceInput>
                     <serviceOutput>
                        <operation source="field" to="temp.COMPLETE_PARAMETRIZATION/output/Object_Name">Object Name</operation>
                        <operation source="field" to="temp.COMPLETE_PARAMETRIZATION/output/Run_Id">Run Id</operation>
                        <operation source="field" to="temp.COMPLETE_PARAMETRIZATION/output/Log_Id">Log Id</operation>
                        <operation source="field" to="temp.COMPLETE_PARAMETRIZATION/output/Task_Id">Task Id</operation>
                        <operation source="field" to="temp.COMPLETE_PARAMETRIZATION/output/Task_Status">Task Status</operation>
                        <operation source="field"
                                   to="temp.COMPLETE_PARAMETRIZATION/output/Success_Source_Rows">Success Source Rows</operation>
                        <operation source="field"
                                   to="temp.COMPLETE_PARAMETRIZATION/output/Failed_Source_Rows">Failed Source Rows</operation>
                        <operation source="field"
                                   to="temp.COMPLETE_PARAMETRIZATION/output/Success_Target_Rows">Success Target Rows</operation>
                        <operation source="field"
                                   to="temp.COMPLETE_PARAMETRIZATION/output/Failed_Target_Rows">Failed Target Rows</operation>
                        <operation source="field" to="temp.COMPLETE_PARAMETRIZATION/output/Start_Time">Start Time</operation>
                        <operation source="field" to="temp.COMPLETE_PARAMETRIZATION/output/End_Time">End Time</operation>
                        <operation source="field" to="temp.COMPLETE_PARAMETRIZATION/output/Error_Message">Error Message</operation>
                        <operation source="field"
                                   to="temp.COMPLETE_PARAMETRIZATION/output/TotalTransErrors">Total Transformation Errors</operation>
                        <operation source="field" to="temp.COMPLETE_PARAMETRIZATION/output/FirstErrorCode">First Error Code</operation>
                     </serviceOutput>
                  </service>
                  <link id="mkkzhbkr" targetId="mkkzhbmz"/>
                  <events>
                     <catch faultField="temp.COMPLETE_PARAMETRIZATION/fault"
                            id="mkkzhblc"
                            interrupting="true"
                            name="error">
                        <suspend/>
                     </catch>
                     <catch faultField="temp.COMPLETE_PARAMETRIZATION/fault"
                            id="mkkzhbld"
                            interrupting="true"
                            name="warning"/>
                  </events>
               </eventContainer>
               <eventContainer id="mkkzhbmz">
                  <service id="mkkzhbkq">
                     <title>Data Task 2</title>
                     <serviceName>ICSExecuteDataTask</serviceName>
                     <serviceGUID/>
                     <serviceInput>
                        <parameter name="Wait for Task to Complete" source="constant" updatable="true">true</parameter>
                        <parameter name="Max Wait" source="constant" updatable="true">604800</parameter>
                        <parameter name="Task Name" source="constant" updatable="true">MT_EMPLOYEES_SCD2V</parameter>
                        <parameter name="GUID" source="constant" updatable="true">iVVJSOHrVQTgKhndu9a2Qq</parameter>
                        <parameter name="Task Type" source="constant" updatable="true">MCT</parameter>
                        <parameter name="Has Inout Parameters" source="constant" updatable="true">false</parameter>
                        <parameter name="taskField" source="nested">
                           <operation source="field" to="MT-EMPLOYEES-SCD2V-iVVJSOHrVQTgKhndu9a2Qq">temp.Data Task 2</operation>
                        </parameter>
                     </serviceInput>
                     <serviceOutput>
                        <operation source="field" to="temp.Data Task 2/output/Object_Name">Object Name</operation>
                        <operation source="field" to="temp.Data Task 2/output/Run_Id">Run Id</operation>
                        <operation source="field" to="temp.Data Task 2/output/Log_Id">Log Id</operation>
                        <operation source="field" to="temp.Data Task 2/output/Task_Id">Task Id</operation>
                        <operation source="field" to="temp.Data Task 2/output/Task_Status">Task Status</operation>
                        <operation source="field" to="temp.Data Task 2/output/Success_Source_Rows">Success Source Rows</operation>
                        <operation source="field" to="temp.Data Task 2/output/Failed_Source_Rows">Failed Source Rows</operation>
                        <operation source="field" to="temp.Data Task 2/output/Success_Target_Rows">Success Target Rows</operation>
                        <operation source="field" to="temp.Data Task 2/output/Failed_Target_Rows">Failed Target Rows</operation>
                        <operation source="field" to="temp.Data Task 2/output/Start_Time">Start Time</operation>
                        <operation source="field" to="temp.Data Task 2/output/End_Time">End Time</operation>
                        <operation source="field" to="temp.Data Task 2/output/Error_Message">Error Message</operation>
                        <operation source="field" to="temp.Data Task 2/output/TotalTransErrors">Total Transformation Errors</operation>
                        <operation source="field" to="temp.Data Task 2/output/FirstErrorCode">First Error Code</operation>
                     </serviceOutput>
                  </service>
                  <link id="mkkzhbo6" targetId="mkkzhboj"/>
                  <events>
                     <catch faultField="temp.Data Task 2/fault"
                            id="mkkzhbmx"
                            interrupting="true"
                            name="error">
                        <suspend/>
                     </catch>
                     <catch faultField="temp.Data Task 2/fault"
                            id="mkkzhbmy"
                            interrupting="true"
                            name="warning"/>
                  </events>
               </eventContainer>
               <eventContainer id="mkkzhboj">
                  <service id="mkkzhbo4">
                     <title>EMAIL_ON_COMPLETION</title>
                     <serviceName>emailNotificationService</serviceName>
                     <serviceGUID/>
                     <serviceInput>
                        <parameter name="Email To" source="constant">hemajha24@gmail.com</parameter>
                        <parameter name="Email Cc" source="constant"/>
                        <parameter name="Email Bcc" source="constant"/>
                        <parameter name="Email Subject" source="constant">TASKFLOW STATUS</parameter>
                        <parameter name="Email Content Type" source="constant">text</parameter>
                        <parameter name="Email Body" source="constant"> &lt;p&gt;Complete Parameterization&lt;/p&gt;
&lt;p&gt;Start Time:{$temp.DataTask2[1]/output[1]/Start_Time}&lt;/p&gt;
&lt;p&gt;End Time:{$temp.DataTask2[1]/output[1]/End_Time}&lt;/p&gt;
&lt;p&gt;Target Success Rows:{$temp.DataTask2[1]/output[1]/Success_Source_Rows}&lt;/p&gt;
&lt;p&gt;Target Failed Rows:{$temp.DataTask2[1]/output[1]/Failed_Target_Rows}&lt;/p&gt;
&lt;p&gt;Status:{$temp.DataTask2[1]/output[1]/Task_Status}&lt;/p&gt; </parameter>
                     </serviceInput>
                     <serviceOutput/>
                  </service>
                  <link id="mkkzhbo7" targetId="c"/>
                  <events>
                     <catch faultField="temp.dummyTF5895/fault"
                            id="mkkzhbo1"
                            interrupting="true"
                            name="warning"/>
                  </events>
               </eventContainer>
               <end id="c"/>
            </flow>
            <dependencies>
               <processObject xmlns="http://schemas.active-endpoints.com/appmodules/screenflow/2011/06/avosHostEnvironment.xsd"
                              displayName="MT-PRODUCTS-SCD2-f62RK4ZeoirivHG0IXAR8z"
                              isByCopy="true"
                              name="MT-PRODUCTS-SCD2-f62RK4ZeoirivHG0IXAR8z">
                  <description/>
                  <tags/>
                  <detail>
                     <field label="TaskProperties Parameters"
                            name="taskProperties"
                            nullable="true"
                            required="false"
                            type="reference"/>
                     <field label="Output Parameters"
                            name="output"
                            nullable="true"
                            required="false"
                            type="reference"/>
                     <field label="Fault"
                            name="fault"
                            nullable="true"
                            required="false"
                            type="reference"/>
                     <field label="Max Wait (Seconds)"
                            name="Max_Wait"
                            nullable="true"
                            required="false"
                            type="int"/>
                  </detail>
               </processObject>
               <processObject xmlns="http://schemas.active-endpoints.com/appmodules/screenflow/2011/06/avosHostEnvironment.xsd"
                              displayName="MT-EMPLOYEES-SCD2V-iVVJSOHrVQTgKhndu9a2Qq"
                              isByCopy="true"
                              name="MT-EMPLOYEES-SCD2V-iVVJSOHrVQTgKhndu9a2Qq">
                  <description/>
                  <tags/>
                  <detail>
                     <field label="TaskProperties Parameters"
                            name="taskProperties"
                            nullable="true"
                            required="false"
                            type="reference"/>
                     <field label="Output Parameters"
                            name="output"
                            nullable="true"
                            required="false"
                            type="reference"/>
                     <field label="Fault"
                            name="fault"
                            nullable="true"
                            required="false"
                            type="reference"/>
                     <field label="Max Wait (Seconds)"
                            name="Max_Wait"
                            nullable="true"
                            required="false"
                            type="int"/>
                  </detail>
               </processObject>
            </dependencies>
         </taskflow>
      </types1:Entry>
      <types1:GUID>9ZS2mI4gNTukENeBrRyxM5</types1:GUID>
      <types1:DisplayName>Taskflow1</types1:DisplayName>
   </types1:Item>
   <types1:CurrentServerDateTime>2026-02-07T17:00:32.33Z</types1:CurrentServerDateTime>
</aetgt:getResponse>
