<aetgt:getResponse xmlns:aetgt="http://schemas.active-endpoints.com/appmodules/repository/2010/10/avrepository.xsd"
                   xmlns:types1="http://schemas.active-endpoints.com/appmodules/repository/2010/10/avrepository.xsd">
   <types1:Item>
      <types1:EntryId>AZf5kck8jKBmeK3-gt-100981735-2026-01-19T10:24:30.422Z::tf.xml</types1:EntryId>
      <types1:Name>TASKFLOW_WITH_DECESSION_PROPERTIES</types1:Name>
      <types1:MimeType>application/xml+taskflow</types1:MimeType>
      <types1:Description/>
      <types1:AppliesTo/>
      <types1:Tags/>
      <types1:VersionLabel>1.0</types1:VersionLabel>
      <types1:State>CURRENT</types1:State>
      <types1:ProcessGroup/>
      <types1:CreatedBy>RAUNAKRAJ786</types1:CreatedBy>
      <types1:CreationDate>2026-01-19T10:24:30Z</types1:CreationDate>
      <types1:ModifiedBy>RAUNAKRAJ786</types1:ModifiedBy>
      <types1:ModificationDate>2026-01-19T10:25:03Z</types1:ModificationDate>
      <types1:PublicationStatus>published</types1:PublicationStatus>
      <types1:PublishedBy>RAUNAKRAJ786</types1:PublishedBy>
      <types1:PublicationDate>2026-01-19T10:25:08Z</types1:PublicationDate>
      <types1:PublishedContributionId>project:/tf.TASKFLOW_WITH_DECESSION_PROPERTIES/TASKFLOW_WITH_DECESSION_PROPERTIES.tf.xml</types1:PublishedContributionId>
      <types1:Entry>
         <taskflow xmlns="http://schemas.active-endpoints.com/appmodules/screenflow/2010/10/avosScreenflow.xsd"
                   xmlns:tfm="http://schemas.active-endpoints.com/appmodules/screenflow/2021/04/taskflowModel.xsd"
                   xmlns:list="urn:activevos:spi:list:functions"
                   displayName="TASKFLOW_WITH_DECESSION PROPERTIES"
                   name="TASKFLOW_WITH_DECESSION_PROPERTIES"
                   overrideAPIName="false">
            <parameterSet xmlns="http://schemas.active-endpoints.com/appmodules/screenflow/2021/04/taskflowModel.xsd"/>
            <appliesTo/>
            <description/>
            <tags/>
            <generator>Informatica Process Designer 11</generator>
            <tempFields>
               <field description=""
                      name="RUN_MT_COMPLETE_PARAMETERIZATION"
                      type="reference">
                  <options>
                     <option name="failOnNotRun">false</option>
                     <option name="failOnFault">false</option>
                     <option name="referenceTo">$po:MT-EMPLOYEES-SCD2V-iVVJSOHrVQTgKhndu9a2Qq</option>
                  </options>
               </field>
               <field description="" name="MT_EMPLOYEES_SCD2V" type="reference">
                  <options>
                     <option name="failOnNotRun">false</option>
                     <option name="failOnFault">false</option>
                     <option name="referenceTo">$po:MT-EMPLOYEES-SCD2V-iVVJSOHrVQTgKhndu9a2Qq</option>
                  </options>
               </field>
            </tempFields>
            <notes/>
            <deployment skipIfRunning="false" suspendOnFault="false" tracingLevel="verbose">
               <rest>
                  <allowedUsers>
                     <user>RAUNAKRAJ786</user>
                  </allowedUsers>
               </rest>
            </deployment>
            <extData>
               <nvpair name="treatEmptyStringAsNotNull">false</nvpair>
               <nvpair name="treatEmptyObjectListAsArray">false</nvpair>
            </extData>
            <flow id="a">
               <start id="b">
                  <link id="mkl0anv1" targetId="mkl0anv6"/>
               </start>
               <eventContainer id="mkl0anv6">
                  <service id="mkl0anv0">
                     <title>RUN_MT_COMPLETE_PARAMETERIZATION</title>
                     <serviceName>ICSExecuteDataTask</serviceName>
                     <serviceGUID/>
                     <serviceInput>
                        <parameter name="Wait for Task to Complete" source="constant" updatable="true">true</parameter>
                        <parameter name="Max Wait" source="constant" updatable="true">604800</parameter>
                        <parameter name="Task Name" source="constant" updatable="true">MT_EMPLOYEES_SCD2V</parameter>
                        <parameter name="GUID" source="constant" updatable="true">iVVJSOHrVQTgKhndu9a2Qq</parameter>
                        <parameter name="Task Type" source="constant" updatable="true">MCT</parameter>
                        <parameter name="Has Inout Parameters" source="constant" updatable="true">false</parameter>
                        <parameter name="taskField" source="nested">
                           <operation source="field" to="MT-EMPLOYEES-SCD2V-iVVJSOHrVQTgKhndu9a2Qq">temp.RUN_MT_COMPLETE_PARAMETERIZATION</operation>
                        </parameter>
                     </serviceInput>
                     <serviceOutput>
                        <operation source="field"
                                   to="temp.RUN_MT_COMPLETE_PARAMETERIZATION/output/Object_Name">Object Name</operation>
                        <operation source="field" to="temp.RUN_MT_COMPLETE_PARAMETERIZATION/output/Run_Id">Run Id</operation>
                        <operation source="field" to="temp.RUN_MT_COMPLETE_PARAMETERIZATION/output/Log_Id">Log Id</operation>
                        <operation source="field"
                                   to="temp.RUN_MT_COMPLETE_PARAMETERIZATION/output/Task_Id">Task Id</operation>
                        <operation source="field"
                                   to="temp.RUN_MT_COMPLETE_PARAMETERIZATION/output/Task_Status">Task Status</operation>
                        <operation source="field"
                                   to="temp.RUN_MT_COMPLETE_PARAMETERIZATION/output/Success_Source_Rows">Success Source Rows</operation>
                        <operation source="field"
                                   to="temp.RUN_MT_COMPLETE_PARAMETERIZATION/output/Failed_Source_Rows">Failed Source Rows</operation>
                        <operation source="field"
                                   to="temp.RUN_MT_COMPLETE_PARAMETERIZATION/output/Success_Target_Rows">Success Target Rows</operation>
                        <operation source="field"
                                   to="temp.RUN_MT_COMPLETE_PARAMETERIZATION/output/Failed_Target_Rows">Failed Target Rows</operation>
                        <operation source="field"
                                   to="temp.RUN_MT_COMPLETE_PARAMETERIZATION/output/Start_Time">Start Time</operation>
                        <operation source="field"
                                   to="temp.RUN_MT_COMPLETE_PARAMETERIZATION/output/End_Time">End Time</operation>
                        <operation source="field"
                                   to="temp.RUN_MT_COMPLETE_PARAMETERIZATION/output/Error_Message">Error Message</operation>
                        <operation source="field"
                                   to="temp.RUN_MT_COMPLETE_PARAMETERIZATION/output/TotalTransErrors">Total Transformation Errors</operation>
                        <operation source="field"
                                   to="temp.RUN_MT_COMPLETE_PARAMETERIZATION/output/FirstErrorCode">First Error Code</operation>
                     </serviceOutput>
                  </service>
                  <link id="mkl0anwa" targetId="mkl0anw9"/>
                  <events>
                     <catch faultField="temp.RUN_MT_COMPLETE_PARAMETERIZATION/fault"
                            id="mkl0anv4"
                            interrupting="true"
                            name="error">
                        <suspend/>
                     </catch>
                     <catch faultField="temp.RUN_MT_COMPLETE_PARAMETERIZATION/fault"
                            id="mkl0anv5"
                            interrupting="true"
                            name="warning"/>
                  </events>
               </eventContainer>
               <container id="mkl0anw9" type="exclusive">
                  <title>CHECK_PREV_TASK_STATUS</title>
                  <flow id="mkl0anwd">
                     <eventContainer id="mkl0anx4">
                        <service id="mkl0anwy">
                           <title>MT_EMPLOYEES_SCD2V</title>
                           <serviceName>ICSExecuteDataTask</serviceName>
                           <serviceGUID/>
                           <serviceInput>
                              <parameter name="Wait for Task to Complete" source="constant" updatable="true">true</parameter>
                              <parameter name="Max Wait" source="constant" updatable="true">604800</parameter>
                              <parameter name="Task Name" source="constant" updatable="true">MT_EMPLOYEES_SCD2V</parameter>
                              <parameter name="GUID" source="constant" updatable="true">iVVJSOHrVQTgKhndu9a2Qq</parameter>
                              <parameter name="Task Type" source="constant" updatable="true">MCT</parameter>
                              <parameter name="Has Inout Parameters" source="constant" updatable="true">false</parameter>
                              <parameter name="taskField" source="nested">
                                 <operation source="field" to="MT-EMPLOYEES-SCD2V-iVVJSOHrVQTgKhndu9a2Qq">temp.MT_EMPLOYEES_SCD2V</operation>
                              </parameter>
                           </serviceInput>
                           <serviceOutput>
                              <operation source="field" to="temp.MT_EMPLOYEES_SCD2V/output/Object_Name">Object Name</operation>
                              <operation source="field" to="temp.MT_EMPLOYEES_SCD2V/output/Run_Id">Run Id</operation>
                              <operation source="field" to="temp.MT_EMPLOYEES_SCD2V/output/Log_Id">Log Id</operation>
                              <operation source="field" to="temp.MT_EMPLOYEES_SCD2V/output/Task_Id">Task Id</operation>
                              <operation source="field" to="temp.MT_EMPLOYEES_SCD2V/output/Task_Status">Task Status</operation>
                              <operation source="field" to="temp.MT_EMPLOYEES_SCD2V/output/Success_Source_Rows">Success Source Rows</operation>
                              <operation source="field" to="temp.MT_EMPLOYEES_SCD2V/output/Failed_Source_Rows">Failed Source Rows</operation>
                              <operation source="field" to="temp.MT_EMPLOYEES_SCD2V/output/Success_Target_Rows">Success Target Rows</operation>
                              <operation source="field" to="temp.MT_EMPLOYEES_SCD2V/output/Failed_Target_Rows">Failed Target Rows</operation>
                              <operation source="field" to="temp.MT_EMPLOYEES_SCD2V/output/Start_Time">Start Time</operation>
                              <operation source="field" to="temp.MT_EMPLOYEES_SCD2V/output/End_Time">End Time</operation>
                              <operation source="field" to="temp.MT_EMPLOYEES_SCD2V/output/Error_Message">Error Message</operation>
                              <operation source="field" to="temp.MT_EMPLOYEES_SCD2V/output/TotalTransErrors">Total Transformation Errors</operation>
                              <operation source="field" to="temp.MT_EMPLOYEES_SCD2V/output/FirstErrorCode">First Error Code</operation>
                           </serviceOutput>
                        </service>
                        <events>
                           <catch faultField="temp.MT_EMPLOYEES_SCD2V/fault"
                                  id="mkl0anx2"
                                  interrupting="true"
                                  name="error">
                              <suspend/>
                           </catch>
                           <catch faultField="temp.MT_EMPLOYEES_SCD2V/fault"
                                  id="mkl0anx3"
                                  interrupting="true"
                                  name="warning"/>
                        </events>
                     </eventContainer>
                     <link id="mkl0anwe" targetId="mkl0anw9" type="containerLink"/>
                  </flow>
                  <flow id="mkl0anwg">
                     <eventContainer id="mkl0any4">
                        <service id="mkl0anxb">
                           <title>Notification Task 1</title>
                           <serviceName>emailNotificationService</serviceName>
                           <serviceGUID/>
                           <serviceInput>
                              <parameter name="Email To" source="constant">hemajha24@gmail.com</parameter>
                              <parameter name="Email Cc" source="constant"/>
                              <parameter name="Email Bcc" source="constant"/>
                              <parameter name="Email Subject" source="constant"/>
                              <parameter name="Email Content Type" source="constant">text</parameter>
                              <parameter name="Email Body" source="constant"> &lt;p&gt;MT_COMPLETE_PARAMETERIZE FAILED&lt;/p&gt; </parameter>
                           </serviceInput>
                           <serviceOutput/>
                        </service>
                        <link id="mkl0anxr" targetId="mkl0anxq"/>
                        <events>
                           <catch faultField="temp.dummyTF5895/fault"
                                  id="mkl0anx8"
                                  interrupting="true"
                                  name="warning"/>
                        </events>
                     </eventContainer>
                     <end id="mkl0anxq">
                        <title>End 1</title>
                     </end>
                  </flow>
                  <link id="mkl0anwc" targetId="mkl0anwd" type="containerLink">
                     <condition source="formula">
                        <function name="string-equals">
                           <arg name="left">{$temp.RUN_MT_COMPLETE_PARAMETERIZATION[1]/output[1]/Task_Status}</arg>
                           <arg name="right">1</arg>
                        </function>
                     </condition>
                  </link>
                  <link id="mkl0anwf" targetId="mkl0anwg" type="containerLink"/>
                  <link id="mkl0anwb" targetId="c"/>
               </container>
               <end id="c"/>
            </flow>
            <dependencies>
               <processObject xmlns="http://schemas.active-endpoints.com/appmodules/screenflow/2011/06/avosHostEnvironment.xsd"
                              displayName="MT-EMPLOYEES-SCD2V-iVVJSOHrVQTgKhndu9a2Qq"
                              isByCopy="true"
                              name="MT-EMPLOYEES-SCD2V-iVVJSOHrVQTgKhndu9a2Qq">
                  <description/>
                  <tags/>
                  <detail>
                     <field label="TaskProperties Parameters"
                            name="taskProperties"
                            nullable="true"
                            required="false"
                            type="reference"/>
                     <field label="Output Parameters"
                            name="output"
                            nullable="true"
                            required="false"
                            type="reference"/>
                     <field label="Fault"
                            name="fault"
                            nullable="true"
                            required="false"
                            type="reference"/>
                     <field label="Max Wait (Seconds)"
                            name="Max_Wait"
                            nullable="true"
                            required="false"
                            type="int"/>
                  </detail>
               </processObject>
            </dependencies>
         </taskflow>
      </types1:Entry>
      <types1:GUID>dCXIdlDav8qjznmz2QFtYP</types1:GUID>
      <types1:DisplayName>TASKFLOW_WITH_DECESSION PROPERTIES</types1:DisplayName>
   </types1:Item>
   <types1:CurrentServerDateTime>2026-02-07T17:00:32.356Z</types1:CurrentServerDateTime>
</aetgt:getResponse>
