<aetgt:getResponse xmlns:aetgt="http://schemas.active-endpoints.com/appmodules/repository/2010/10/avrepository.xsd"
                   xmlns:types1="http://schemas.active-endpoints.com/appmodules/repository/2010/10/avrepository.xsd">
   <types1:Item>
      <types1:EntryId>pgneO0fXs3C6LlR-gt-35451403-2026-01-20T06:21:35.247Z::tf.xml</types1:EntryId>
      <types1:Name>Taskflow2</types1:Name>
      <types1:MimeType>application/xml+taskflow</types1:MimeType>
      <types1:Description/>
      <types1:AppliesTo/>
      <types1:Tags/>
      <types1:VersionLabel>1.0</types1:VersionLabel>
      <types1:State>CURRENT</types1:State>
      <types1:ProcessGroup/>
      <types1:CreatedBy>RAUNAKRAJ786</types1:CreatedBy>
      <types1:CreationDate>2026-01-20T06:21:35Z</types1:CreationDate>
      <types1:ModifiedBy>RAUNAKRAJ786</types1:ModifiedBy>
      <types1:ModificationDate>2026-01-20T06:52:01Z</types1:ModificationDate>
      <types1:PublicationStatus>published</types1:PublicationStatus>
      <types1:PublishedBy>RAUNAKRAJ786</types1:PublishedBy>
      <types1:PublicationDate>2026-01-20T06:52:11Z</types1:PublicationDate>
      <types1:PublishedContributionId>project:/tf.Taskflow2/Taskflow2.tf.xml</types1:PublishedContributionId>
      <types1:Entry>
         <taskflow xmlns="http://schemas.active-endpoints.com/appmodules/screenflow/2010/10/avosScreenflow.xsd"
                   xmlns:tfm="http://schemas.active-endpoints.com/appmodules/screenflow/2021/04/taskflowModel.xsd"
                   xmlns:list="urn:activevos:spi:list:functions"
                   displayName="Taskflow2"
                   name="Taskflow2"
                   overrideAPIName="false">
            <parameterSet xmlns="http://schemas.active-endpoints.com/appmodules/screenflow/2021/04/taskflowModel.xsd"/>
            <appliesTo/>
            <description/>
            <tags/>
            <generator>Informatica Process Designer 11</generator>
            <input>
               <parameter description="" name="STATUS" type="string">
                  <options>
                     <option name="required">false</option>
                  </options>
               </parameter>
            </input>
            <tempFields>
               <field description="" name="DT1" type="reference">
                  <options>
                     <option name="failOnNotRun">false</option>
                     <option name="failOnFault">false</option>
                     <option name="referenceTo">$po:MT-EMPLOYEES-COMPLETE-PARAMETERIZE-0DLDn1JpQkIfbKHQYLQFUp</option>
                  </options>
               </field>
               <field description="" name="DT2" type="reference">
                  <options>
                     <option name="referenceTo">$po:MT-EMPLOYEES-PARA-24pGw5seF7CjWyLZwol2ik</option>
                     <option name="failOnNotRun">false</option>
                     <option name="failOnFault">false</option>
                  </options>
               </field>
               <field description="" name="DT3" type="reference">
                  <options>
                     <option name="failOnNotRun">false</option>
                     <option name="failOnFault">false</option>
                     <option name="referenceTo">$po:MT-PRODUCTS-SCD2-f62RK4ZeoirivHG0IXAR8z</option>
                  </options>
               </field>
            </tempFields>
            <notes/>
            <deployment skipIfRunning="false" suspendOnFault="false" tracingLevel="verbose">
               <rest>
                  <allowedUsers>
                     <user>RAUNAKRAJ786</user>
                  </allowedUsers>
               </rest>
            </deployment>
            <extData>
               <nvpair name="treatEmptyStringAsNotNull">false</nvpair>
               <nvpair name="treatEmptyObjectListAsArray">false</nvpair>
            </extData>
            <flow id="a">
               <start id="b">
                  <link id="j3wg4fhg" targetId="j3wg4fhf"/>
               </start>
               <container id="j3wg4fhf" type="parallel">
                  <title>Parallel Paths 1</title>
                  <flow id="j3wg4fhj">
                     <eventContainer id="mkm7f7pd">
                        <service id="j3wg4fhu">
                           <title>DT1</title>
                           <serviceName>ICSExecuteDataTask</serviceName>
                           <serviceGUID/>
                           <serviceInput>
                              <parameter name="Wait for Task to Complete" source="constant" updatable="true">true</parameter>
                              <parameter name="Max Wait" source="constant" updatable="true">604800</parameter>
                              <parameter name="Task Name" source="constant" updatable="true">MT_EMPLOYEES_COMPLETE_PARAMETERIZE</parameter>
                              <parameter name="GUID" source="constant" updatable="true">0DLDn1JpQkIfbKHQYLQFUp</parameter>
                              <parameter name="Task Type" source="constant" updatable="true">MCT</parameter>
                              <parameter name="Has Inout Parameters" source="constant" updatable="true">false</parameter>
                              <parameter name="taskField" source="nested">
                                 <operation source="field"
                                            to="MT-EMPLOYEES-COMPLETE-PARAMETERIZE-0DLDn1JpQkIfbKHQYLQFUp">temp.DT1</operation>
                              </parameter>
                           </serviceInput>
                           <serviceOutput>
                              <operation source="field" to="temp.DT1/output/Object_Name">Object Name</operation>
                              <operation source="field" to="temp.DT1/output/Run_Id">Run Id</operation>
                              <operation source="field" to="temp.DT1/output/Log_Id">Log Id</operation>
                              <operation source="field" to="temp.DT1/output/Task_Id">Task Id</operation>
                              <operation source="field" to="temp.DT1/output/Task_Status">Task Status</operation>
                              <operation source="field" to="temp.DT1/output/Success_Source_Rows">Success Source Rows</operation>
                              <operation source="field" to="temp.DT1/output/Failed_Source_Rows">Failed Source Rows</operation>
                              <operation source="field" to="temp.DT1/output/Success_Target_Rows">Success Target Rows</operation>
                              <operation source="field" to="temp.DT1/output/Failed_Target_Rows">Failed Target Rows</operation>
                              <operation source="field" to="temp.DT1/output/Start_Time">Start Time</operation>
                              <operation source="field" to="temp.DT1/output/End_Time">End Time</operation>
                              <operation source="field" to="temp.DT1/output/Error_Message">Error Message</operation>
                              <operation source="field" to="temp.DT1/output/TotalTransErrors">Total Transformation Errors</operation>
                              <operation source="field" to="temp.DT1/output/FirstErrorCode">First Error Code</operation>
                           </serviceOutput>
                        </service>
                        <events>
                           <catch faultField="temp.DT1/fault"
                                  id="mkm7f7pb"
                                  interrupting="true"
                                  name="error">
                              <suspend/>
                           </catch>
                           <catch faultField="temp.DT1/fault"
                                  id="mkm7f7pc"
                                  interrupting="true"
                                  name="warning"/>
                        </events>
                     </eventContainer>
                     <link id="j3wg4fhk" targetId="j3wg4fhf" type="containerLink"/>
                  </flow>
                  <flow id="j3wg4fhm">
                     <eventContainer id="mkm7f7r6">
                        <service id="j3wg4fi4">
                           <title>DT2</title>
                           <serviceName>ICSExecuteDataTask</serviceName>
                           <serviceGUID/>
                           <serviceInput>
                              <parameter name="Wait for Task to Complete" source="constant" updatable="true">true</parameter>
                              <parameter name="Max Wait" source="constant" updatable="true">604800</parameter>
                              <parameter name="Task Name" source="constant" updatable="true">MT_EMPLOYEES_PARA</parameter>
                              <parameter name="GUID" source="constant" updatable="true">24pGw5seF7CjWyLZwol2ik</parameter>
                              <parameter name="Task Type" source="constant" updatable="true">MCT</parameter>
                              <parameter name="Has Inout Parameters" source="constant" updatable="true">false</parameter>
                              <parameter name="taskField" source="nested">
                                 <operation source="field" to="MT-EMPLOYEES-PARA-24pGw5seF7CjWyLZwol2ik">temp.DT2</operation>
                              </parameter>
                           </serviceInput>
                           <serviceOutput>
                              <operation source="field" to="temp.DT2/output/Object_Name">Object Name</operation>
                              <operation source="field" to="temp.DT2/output/Run_Id">Run Id</operation>
                              <operation source="field" to="temp.DT2/output/Log_Id">Log Id</operation>
                              <operation source="field" to="temp.DT2/output/Task_Id">Task Id</operation>
                              <operation source="field" to="temp.DT2/output/Task_Status">Task Status</operation>
                              <operation source="field" to="temp.DT2/output/Success_Source_Rows">Success Source Rows</operation>
                              <operation source="field" to="temp.DT2/output/Failed_Source_Rows">Failed Source Rows</operation>
                              <operation source="field" to="temp.DT2/output/Success_Target_Rows">Success Target Rows</operation>
                              <operation source="field" to="temp.DT2/output/Failed_Target_Rows">Failed Target Rows</operation>
                              <operation source="field" to="temp.DT2/output/Start_Time">Start Time</operation>
                              <operation source="field" to="temp.DT2/output/End_Time">End Time</operation>
                              <operation source="field" to="temp.DT2/output/Error_Message">Error Message</operation>
                              <operation source="field" to="temp.DT2/output/TotalTransErrors">Total Transformation Errors</operation>
                              <operation source="field" to="temp.DT2/output/FirstErrorCode">First Error Code</operation>
                           </serviceOutput>
                        </service>
                        <events>
                           <catch faultField="temp.DT2/fault"
                                  id="mkm7f7r4"
                                  interrupting="true"
                                  name="error">
                              <suspend/>
                           </catch>
                           <catch faultField="temp.DT2/fault"
                                  id="mkm7f7r5"
                                  interrupting="true"
                                  name="warning"/>
                        </events>
                     </eventContainer>
                     <link id="j3wg4fhn" targetId="j3wg4fhf" type="containerLink"/>
                  </flow>
                  <link id="j3wg4fhi" targetId="j3wg4fhj" type="containerLink"/>
                  <link id="mkm7f7ux" targetId="mkm7f7uw"/>
                  <link id="j3wg4fhl" targetId="j3wg4fhm" type="containerLink"/>
               </container>
               <container id="mkm7f7vd" type="exclusive">
                  <title>Decision 1</title>
                  <flow id="mkm7f7vh">
                     <eventContainer id="mkm7f7wa">
                        <service id="mkm7f7w2">
                           <title>DT3</title>
                           <serviceName>ICSExecuteDataTask</serviceName>
                           <serviceGUID/>
                           <serviceInput>
                              <parameter name="Wait for Task to Complete" source="constant" updatable="true">true</parameter>
                              <parameter name="Max Wait" source="constant" updatable="true">604800</parameter>
                              <parameter name="Task Name" source="constant" updatable="true">MT_PRODUCTS_SCD2</parameter>
                              <parameter name="GUID" source="constant" updatable="true">f62RK4ZeoirivHG0IXAR8z</parameter>
                              <parameter name="Task Type" source="constant" updatable="true">MCT</parameter>
                              <parameter name="Has Inout Parameters" source="constant" updatable="true">false</parameter>
                              <parameter name="taskField" source="nested">
                                 <operation source="field" to="MT-PRODUCTS-SCD2-f62RK4ZeoirivHG0IXAR8z">temp.DT3</operation>
                              </parameter>
                           </serviceInput>
                           <serviceOutput>
                              <operation source="field" to="temp.DT3/output/Object_Name">Object Name</operation>
                              <operation source="field" to="temp.DT3/output/Run_Id">Run Id</operation>
                              <operation source="field" to="temp.DT3/output/Log_Id">Log Id</operation>
                              <operation source="field" to="temp.DT3/output/Task_Id">Task Id</operation>
                              <operation source="field" to="temp.DT3/output/Task_Status">Task Status</operation>
                              <operation source="field" to="temp.DT3/output/Success_Source_Rows">Success Source Rows</operation>
                              <operation source="field" to="temp.DT3/output/Failed_Source_Rows">Failed Source Rows</operation>
                              <operation source="field" to="temp.DT3/output/Success_Target_Rows">Success Target Rows</operation>
                              <operation source="field" to="temp.DT3/output/Failed_Target_Rows">Failed Target Rows</operation>
                              <operation source="field" to="temp.DT3/output/Start_Time">Start Time</operation>
                              <operation source="field" to="temp.DT3/output/End_Time">End Time</operation>
                              <operation source="field" to="temp.DT3/output/Error_Message">Error Message</operation>
                              <operation source="field" to="temp.DT3/output/TotalTransErrors">Total Transformation Errors</operation>
                              <operation source="field" to="temp.DT3/output/FirstErrorCode">First Error Code</operation>
                           </serviceOutput>
                        </service>
                        <events>
                           <catch faultField="temp.DT3/fault"
                                  id="mkm7f7w8"
                                  interrupting="true"
                                  name="error">
                              <suspend/>
                           </catch>
                           <catch faultField="temp.DT3/fault"
                                  id="mkm7f7w9"
                                  interrupting="true"
                                  name="warning"/>
                        </events>
                     </eventContainer>
                     <link id="mkm7f7vi" targetId="mkm7f7vd" type="containerLink"/>
                  </flow>
                  <flow id="mkm7f7vk">
                     <eventContainer id="mkm7f7yo">
                        <service id="mkm7f7xp">
                           <title>Notification Task 1</title>
                           <serviceName>emailNotificationService</serviceName>
                           <serviceGUID/>
                           <serviceInput>
                              <parameter name="Email To" source="constant">raunakjha169@gmail.com</parameter>
                              <parameter name="Email Cc" source="constant"/>
                              <parameter name="Email Bcc" source="constant"/>
                              <parameter name="Email Subject" source="constant"/>
                              <parameter name="Email Content Type" source="constant">text</parameter>
                              <parameter name="Email Body" source="constant"> &lt;p&gt;data task failed&amp;nbsp;&lt;/p&gt; </parameter>
                           </serviceInput>
                           <serviceOutput/>
                        </service>
                        <link id="mkm7f7y7" targetId="mkm7f7y6"/>
                        <events>
                           <catch faultField="temp.dummyTF5895/fault"
                                  id="mkm7f7xm"
                                  interrupting="true"
                                  name="warning"/>
                        </events>
                     </eventContainer>
                     <end id="mkm7f7y6">
                        <title>End 1</title>
                     </end>
                  </flow>
                  <link id="mkm7f7vg" targetId="mkm7f7vh" type="containerLink">
                     <condition source="formula">
                        <function name="contains">
                           <arg name="left">{$input.STATUS}</arg>
                           <arg name="right">T</arg>
                        </function>
                     </condition>
                  </link>
                  <link id="mkm7f7vj" targetId="mkm7f7vk" type="containerLink"/>
                  <link id="mkm7f7vf" targetId="c"/>
               </container>
               <assignment id="mkm7f7uw">
                  <title>Assignment 1</title>
                  <operation source="formula" to="input.STATUS">
                     <expression language="XQuery">if($temp.DT1[1]/output[1]/Task_Status = 1 and
$temp.DT2[1]/output[1]/Task_Status =1
)then 'T' else 'F'</expression>
                  </operation>
                  <link id="mkm7f7ve" targetId="mkm7f7vd"/>
               </assignment>
               <end id="c"/>
            </flow>
            <dependencies>
               <processObject xmlns="http://schemas.active-endpoints.com/appmodules/screenflow/2011/06/avosHostEnvironment.xsd"
                              displayName="MT-EMPLOYEES-COMPLETE-PARAMETERIZE-0DLDn1JpQkIfbKHQYLQFUp"
                              isByCopy="true"
                              name="MT-EMPLOYEES-COMPLETE-PARAMETERIZE-0DLDn1JpQkIfbKHQYLQFUp">
                  <description/>
                  <tags/>
                  <detail>
                     <field label="Input Parameters"
                            name="input"
                            nullable="true"
                            required="false"
                            type="reference"/>
                     <field label="TaskProperties Parameters"
                            name="taskProperties"
                            nullable="true"
                            required="false"
                            type="reference"/>
                     <field label="Output Parameters"
                            name="output"
                            nullable="true"
                            required="false"
                            type="reference"/>
                     <field label="Fault"
                            name="fault"
                            nullable="true"
                            required="false"
                            type="reference"/>
                     <field label="Max Wait (Seconds)"
                            name="Max_Wait"
                            nullable="true"
                            required="false"
                            type="int"/>
                  </detail>
               </processObject>
               <processObject xmlns="http://schemas.active-endpoints.com/appmodules/screenflow/2011/06/avosHostEnvironment.xsd"
                              displayName="MT-EMPLOYEES-PARA-24pGw5seF7CjWyLZwol2ik"
                              isByCopy="true"
                              name="MT-EMPLOYEES-PARA-24pGw5seF7CjWyLZwol2ik">
                  <description/>
                  <tags/>
                  <detail>
                     <field label="Input Parameters"
                            name="input"
                            nullable="true"
                            required="false"
                            type="reference"/>
                     <field label="TaskProperties Parameters"
                            name="taskProperties"
                            nullable="true"
                            required="false"
                            type="reference"/>
                     <field label="Output Parameters"
                            name="output"
                            nullable="true"
                            required="false"
                            type="reference"/>
                     <field label="Fault"
                            name="fault"
                            nullable="true"
                            required="false"
                            type="reference"/>
                     <field label="Max Wait (Seconds)"
                            name="Max_Wait"
                            nullable="true"
                            required="false"
                            type="int"/>
                  </detail>
               </processObject>
               <processObject xmlns="http://schemas.active-endpoints.com/appmodules/screenflow/2011/06/avosHostEnvironment.xsd"
                              displayName="MT-PRODUCTS-SCD2-f62RK4ZeoirivHG0IXAR8z"
                              isByCopy="true"
                              name="MT-PRODUCTS-SCD2-f62RK4ZeoirivHG0IXAR8z">
                  <description/>
                  <tags/>
                  <detail>
                     <field label="TaskProperties Parameters"
                            name="taskProperties"
                            nullable="true"
                            required="false"
                            type="reference"/>
                     <field label="Output Parameters"
                            name="output"
                            nullable="true"
                            required="false"
                            type="reference"/>
                     <field label="Fault"
                            name="fault"
                            nullable="true"
                            required="false"
                            type="reference"/>
                     <field label="Max Wait (Seconds)"
                            name="Max_Wait"
                            nullable="true"
                            required="false"
                            type="int"/>
                  </detail>
               </processObject>
            </dependencies>
         </taskflow>
      </types1:Entry>
      <types1:GUID>0cpP81Bz0gij6YPAwdI34Y</types1:GUID>
      <types1:DisplayName>Taskflow2</types1:DisplayName>
   </types1:Item>
   <types1:CurrentServerDateTime>2026-02-07T17:00:32.412Z</types1:CurrentServerDateTime>
</aetgt:getResponse>
